Log file created, is host: false at: [2026-06-18T20:24:52.989537300]
Sent data: {"cursors":{"5590":{"curse":"{\"radius\":10,\"width\":0,\"height\":0,\"color\":0,\"style\":0,\"ID\":5590,\"id\":5590}","points":[{"x":238.0,"y":439.0}]}}} at: [2026-06-18T20:24:58.566669300]
Sent data: {"cursors":{"5590":{"curse":"{\"radius\":10,\"width\":0,\"height\":0,\"color\":-65536,\"style\":0,\"ID\":5590,\"id\":5590}","points":[]}}} at: [2026-06-18T20:24:58.669672]
Sent data: {"cursors":{"5590":{"curse":"{\"radius\":10,\"width\":0,\"height\":0,\"color\":-65536,\"style\":0,\"ID\":5590,\"id\":5590}","points":[]}}} at: [2026-06-18T20:24:58.777670]
Sent data: {"cursors":{"5590":{"curse":"{\"radius\":10,\"width\":0,\"height\":0,\"color\":-65536,\"style\":0,\"ID\":5590,\"id\":5590}","points":[]}}} at: [2026-06-18T20:24:58.885230]
Sent data: {"cursors":{"5590":{"curse":"{\"radius\":10,\"width\":0,\"height\":0,\"color\":-65536,\"style\":0,\"ID\":5590,\"id\":5590}","points":[]}}} at: [2026-06-18T20:24:58.996637200]
Sent data: {"cursors":{"5590":{"curse":"{\"radius\":10,\"width\":0,\"height\":0,\"color\":-65536,\"style\":0,\"ID\":5590,\"id\":5590}","points":[]}}} at: [2026-06-18T20:24:59.104163800]
Sent data: {"cursors":{"5590":{"curse":"{\"radius\":10,\"width\":0,\"height\":0,\"color\":-65536,\"style\":0,\"ID\":5590,\"id\":5590}","points":[]}}} at: [2026-06-18T20:24:59.214164300]
Sent data: {"cursors":{"5590":{"curse":"{\"radius\":10,\"width\":0,\"height\":0,\"color\":-65536,\"style\":0,\"ID\":5590,\"id\":5590}","points":[]}}} at: [2026-06-18T20:24:59.320161100]
Sent data: {"cursors":{"5590":{"curse":"{\"radius\":10,\"width\":0,\"height\":0,\"color\":-65536,\"style\":0,\"ID\":5590,\"id\":5590}","points":[]}}} at: [2026-06-18T20:24:59.429637600]
Sent data: {"cursors":{"5590":{"curse":"{\"radius\":10,\"width\":0,\"height\":0,\"color\":-65536,\"style\":0,\"ID\":5590,\"id\":5590}","points":[]}}} at: [2026-06-18T20:24:59.539662100]
Sent data: {"cursors":{"5590":{"curse":"{\"radius\":10,\"width\":0,\"height\":0,\"color\":-65536,\"style\":0,\"ID\":5590,\"id\":5590}","points":[]}}} at: [2026-06-18T20:24:59.646400300]
Sent data: {"cursors":{"5590":{"curse":"{\"radius\":10,\"width\":0,\"height\":0,\"color\":-65536,\"style\":0,\"ID\":5590,\"id\":5590}","points":[{"x":283.0,"y":375.0}]}}} at: [2026-06-18T20:24:59.756397500]
Sent data: {"cursors":{"5590":{"curse":"{\"radius\":10,\"width\":0,\"height\":0,\"color\":-65536,\"style\":0,\"ID\":5590,\"id\":5590}","points":[]}}} at: [2026-06-18T20:24:59.864336600]
Sent data: {"cursors":{"5590":{"curse":"{\"radius\":10,\"width\":0,\"height\":0,\"color\":-65536,\"style\":0,\"ID\":5590,\"id\":5590}","points":[]}}} at: [2026-06-18T20:24:59.972144600]
Sent data: {"cursors":{"5590":{"curse":"{\"radius\":10,\"width\":0,\"height\":0,\"color\":-65536,\"style\":0,\"ID\":5590,\"id\":5590}","points":[]}}} at: [2026-06-18T20:25:00.083675300]
Sent data: {"cursors":{"5590":{"curse":"{\"radius\":10,\"width\":0,\"height\":0,\"color\":-65536,\"style\":0,\"ID\":5590,\"id\":5590}","points":[]}}} at: [2026-06-18T20:25:00.193100600]
Sent data: {"cursors":{"5590":{"curse":"{\"radius\":10,\"width\":0,\"height\":0,\"color\":-65536,\"style\":0,\"ID\":5590,\"id\":5590}","points":[]}}} at: [2026-06-18T20:25:00.299029600]
Sent data: {"cursors":{"5590":{"curse":"{\"radius\":10,\"width\":0,\"height\":0,\"color\":-65536,\"style\":0,\"ID\":5590,\"id\":5590}","points":[]}}} at: [2026-06-18T20:25:00.407068100]
Sent data: {"cursors":{"5590":{"curse":"{\"radius\":10,\"width\":0,\"height\":0,\"color\":-65536,\"style\":0,\"ID\":5590,\"id\":5590}","points":[]}}} at: [2026-06-18T20:25:00.516190800]
Sent data: {"cursors":{"5590":{"curse":"{\"radius\":10,\"width\":0,\"height\":0,\"color\":-65536,\"style\":0,\"ID\":5590,\"id\":5590}","points":[{"x":155.0,"y":312.0},{"x":155.0,"y":312.0}]}}} at: [2026-06-18T20:25:00.626143800]
Sent data: {"cursors":{"5590":{"curse":"{\"radius\":10,\"width\":0,\"height\":0,\"color\":-65536,\"style\":0,\"ID\":5590,\"id\":5590}","points":[]}}} at: [2026-06-18T20:25:00.735167900]
Sent data: {"cursors":{"5590":{"curse":"{\"radius\":10,\"width\":0,\"height\":0,\"color\":-65536,\"style\":0,\"ID\":5590,\"id\":5590}","points":[]}}} at: [2026-06-18T20:25:00.843250200]
Sent data: {"cursors":{"5590":{"curse":"{\"radius\":10,\"width\":0,\"height\":0,\"color\":-65536,\"style\":0,\"ID\":5590,\"id\":5590}","points":[]}}} at: [2026-06-18T20:25:00.952680300]
Sent data: {"cursors":{"5590":{"curse":"{\"radius\":10,\"width\":0,\"height\":0,\"color\":-65536,\"style\":0,\"ID\":5590,\"id\":5590}","points":[]}}} at: [2026-06-18T20:25:01.062786700]
Sent data: {"cursors":{"5590":{"curse":"{\"radius\":10,\"width\":0,\"height\":0,\"color\":-65536,\"style\":0,\"ID\":5590,\"id\":5590}","points":[]}}} at: [2026-06-18T20:25:01.169787100]
Sent data: {"cursors":{"5590":{"curse":"{\"radius\":10,\"width\":0,\"height\":0,\"color\":-65536,\"style\":0,\"ID\":5590,\"id\":5590}","points":[]}}} at: [2026-06-18T20:25:01.279166500]
Sent data: {"cursors":{"5590":{"curse":"{\"radius\":10,\"width\":0,\"height\":0,\"color\":-65536,\"style\":0,\"ID\":5590,\"id\":5590}","points":[]}}} at: [2026-06-18T20:25:01.388864700]
Sent data: {"cursors":{"5590":{"curse":"{\"radius\":10,\"width\":0,\"height\":0,\"color\":-65536,\"style\":0,\"ID\":5590,\"id\":5590}","points":[]}}} at: [2026-06-18T20:25:01.496304900]
Sent data: {"cursors":{"5590":{"curse":"{\"radius\":10,\"width\":0,\"height\":0,\"color\":-65536,\"style\":0,\"ID\":5590,\"id\":5590}","points":[]}}} at: [2026-06-18T20:25:01.604304200]
Sent data: {"cursors":{"5590":{"curse":"{\"radius\":10,\"width\":0,\"height\":0,\"color\":-65536,\"style\":0,\"ID\":5590,\"id\":5590}","points":[]}}} at: [2026-06-18T20:25:01.715305900]
Sent data: {"cursors":{"5590":{"curse":"{\"radius\":10,\"width\":0,\"height\":0,\"color\":-65536,\"style\":0,\"ID\":5590,\"id\":5590}","points":[]}}} at: [2026-06-18T20:25:01.824304500]
Sent data: {"cursors":{"5590":{"curse":"{\"radius\":10,\"width\":0,\"height\":0,\"color\":-65536,\"style\":0,\"ID\":5590,\"id\":5590}","points":[{"x":341.0,"y":258.0},{"x":350.0,"y":267.0},{"x":358.0,"y":275.0},{"x":370.0,"y":291.0},{"x":381.0,"y":309.0}]}}} at: [2026-06-18T20:25:01.934301100]
Sent data: {"cursors":{"5590":{"curse":"{\"radius\":10,\"width\":0,\"height\":0,\"color\":-65536,\"style\":0,\"ID\":5590,\"id\":5590}","points":[{"x":391.0,"y":334.0},{"x":397.0,"y":362.0},{"x":398.0,"y":408.0},{"x":392.0,"y":453.0},{"x":387.0,"y":473.0}]}}} at: [2026-06-18T20:25:02.041185700]
Sent data: {"cursors":{"5590":{"curse":"{\"radius\":10,\"width\":0,\"height\":0,\"color\":-65536,\"style\":0,\"ID\":5590,\"id\":5590}","points":[]}}} at: [2026-06-18T20:25:02.150204800]
Sent data: {"cursors":{"5590":{"curse":"{\"radius\":10,\"width\":0,\"height\":0,\"color\":-65536,\"style\":0,\"ID\":5590,\"id\":5590}","points":[]}}} at: [2026-06-18T20:25:02.258208900]
Sent data: {"cursors":{"5590":{"curse":"{\"radius\":10,\"width\":0,\"height\":0,\"color\":-65536,\"style\":0,\"ID\":5590,\"id\":5590}","points":[]}}} at: [2026-06-18T20:25:02.366842]
Sent data: {"cursors":{"5590":{"curse":"{\"radius\":10,\"width\":0,\"height\":0,\"color\":-65536,\"style\":0,\"ID\":5590,\"id\":5590}","points":[]}}} at: [2026-06-18T20:25:02.474845500]
Sent data: {"cursors":{"5590":{"curse":"{\"radius\":10,\"width\":0,\"height\":0,\"color\":-65536,\"style\":0,\"ID\":5590,\"id\":5590}","points":[]}}} at: [2026-06-18T20:25:02.583231400]
Sent data: {"cursors":{"5590":{"curse":"{\"radius\":10,\"width\":0,\"height\":0,\"color\":-65536,\"style\":0,\"ID\":5590,\"id\":5590}","points":[]}}} at: [2026-06-18T20:25:02.692275400]
Sent data: {"cursors":{"5590":{"curse":"{\"radius\":10,\"width\":0,\"height\":0,\"color\":-65536,\"style\":0,\"ID\":5590,\"id\":5590}","points":[]}}} at: [2026-06-18T20:25:02.800572600]
Sent data: {"cursors":{"5590":{"curse":"{\"radius\":10,\"width\":0,\"height\":0,\"color\":-65536,\"style\":0,\"ID\":5590,\"id\":5590}","points":[]}}} at: [2026-06-18T20:25:02.912599800]
Sent data: {"cursors":{"5590":{"curse":"{\"radius\":10,\"width\":0,\"height\":0,\"color\":-65536,\"style\":0,\"ID\":5590,\"id\":5590}","points":[]}}} at: [2026-06-18T20:25:03.021263]
Sent data: {"cursors":{"5590":{"curse":"{\"radius\":10,\"width\":0,\"height\":0,\"color\":-65536,\"style\":0,\"ID\":5590,\"id\":5590}","points":[]}}} at: [2026-06-18T20:25:03.130452900]
Sent data: {"cursors":{"5590":{"curse":"{\"radius\":10,\"width\":0,\"height\":0,\"color\":-65536,\"style\":0,\"ID\":5590,\"id\":5590}","points":[]}}} at: [2026-06-18T20:25:03.240261100]
Sent data: {"cursors":{"5590":{"curse":"{\"radius\":10,\"width\":0,\"height\":0,\"color\":-65536,\"style\":0,\"ID\":5590,\"id\":5590}","points":[]}}} at: [2026-06-18T20:25:03.349550500]
Sent data: {"cursors":{"5590":{"curse":"{\"radius\":10,\"width\":0,\"height\":0,\"color\":-65536,\"style\":0,\"ID\":5590,\"id\":5590}","points":[{"x":184.0,"y":583.0},{"x":183.0,"y":570.0},{"x":181.0,"y":551.0}]}}} at: [2026-06-18T20:25:03.458162400]
Sent data: {"cursors":{"5590":{"curse":"{\"radius\":10,\"width\":0,\"height\":0,\"color\":-65536,\"style\":0,\"ID\":5590,\"id\":5590}","points":[{"x":177.0,"y":519.0},{"x":171.0,"y":474.0},{"x":169.0,"y":435.0},{"x":167.0,"y":379.0},{"x":168.0,"y":351.0}]}}} at: [2026-06-18T20:25:03.568167200]
Sent data: {"cursors":{"5590":{"curse":"{\"radius\":10,\"width\":0,\"height\":0,\"color\":-65536,\"style\":0,\"ID\":5590,\"id\":5590}","points":[]}}} at: [2026-06-18T20:25:03.676787600]
Sent data: {"cursors":{"5590":{"curse":"{\"radius\":10,\"width\":0,\"height\":0,\"color\":-65536,\"style\":0,\"ID\":5590,\"id\":5590}","points":[]}}} at: [2026-06-18T20:25:03.785095300]
Sent data: {"cursors":{"5590":{"curse":"{\"radius\":10,\"width\":0,\"height\":0,\"color\":-65536,\"style\":0,\"ID\":5590,\"id\":5590}","points":[]}}} at: [2026-06-18T20:25:03.892911400]
Sent data: {"cursors":{"5590":{"curse":"{\"radius\":10,\"width\":0,\"height\":0,\"color\":-65536,\"style\":0,\"ID\":5590,\"id\":5590}","points":[]}}} at: [2026-06-18T20:25:03.999785800]
Sent data: {"cursors":{"5590":{"curse":"{\"radius\":10,\"width\":0,\"height\":0,\"color\":-65536,\"style\":0,\"ID\":5590,\"id\":5590}","points":[]}}} at: [2026-06-18T20:25:04.107313300]
Sent data: {"cursors":{"5590":{"curse":"{\"radius\":10,\"width\":0,\"height\":0,\"color\":-65536,\"style\":0,\"ID\":5590,\"id\":5590}","points":[]}}} at: [2026-06-18T20:25:04.217311700]
Sent data: {"cursors":{"5590":{"curse":"{\"radius\":10,\"width\":0,\"height\":0,\"color\":-65536,\"style\":0,\"ID\":5590,\"id\":5590}","points":[]}}} at: [2026-06-18T20:25:04.324311700]
Sent data: {"cursors":{"5590":{"curse":"{\"radius\":10,\"width\":0,\"height\":0,\"color\":-65536,\"style\":0,\"ID\":5590,\"id\":5590}","points":[{"x":154.0,"y":160.0},{"x":150.0,"y":162.0},{"x":146.0,"y":165.0}]}}} at: [2026-06-18T20:25:04.431973500]
Sent data: {"cursors":{"5590":{"curse":"{\"radius\":10,\"width\":0,\"height\":0,\"color\":-65536,\"style\":0,\"ID\":5590,\"id\":5590}","points":[{"x":139.0,"y":170.0},{"x":134.0,"y":173.0},{"x":129.0,"y":177.0},{"x":127.0,"y":178.0}]}}} at: [2026-06-18T20:25:04.539971200]
Sent data: {"cursors":{"5590":{"curse":"{\"radius\":10,\"width\":0,\"height\":0,\"color\":-65536,\"style\":0,\"ID\":5590,\"id\":5590}","points":[]}}} at: [2026-06-18T20:25:04.649621500]
Sent data: {"cursors":{"5590":{"curse":"{\"radius\":10,\"width\":0,\"height\":0,\"color\":-65536,\"style\":0,\"ID\":5590,\"id\":5590}","points":[]}}} at: [2026-06-18T20:25:04.760131600]
Sent data: {"cursors":{"5590":{"curse":"{\"radius\":10,\"width\":0,\"height\":0,\"color\":-65536,\"style\":0,\"ID\":5590,\"id\":5590}","points":[]}}} at: [2026-06-18T20:25:04.868209700]
Sent data: {"cursors":{"5590":{"curse":"{\"radius\":10,\"width\":0,\"height\":0,\"color\":-65536,\"style\":0,\"ID\":5590,\"id\":5590}","points":[{"x":88.0,"y":405.0},{"x":88.0,"y":414.0},{"x":88.0,"y":422.0},{"x":88.0,"y":427.0}]}}} at: [2026-06-18T20:25:04.977707900]
Sent data: {"cursors":{"5590":{"curse":"{\"radius\":10,\"width\":0,\"height\":0,\"color\":-65536,\"style\":0,\"ID\":5590,\"id\":5590}","points":[{"x":89.0,"y":437.0},{"x":89.0,"y":446.0},{"x":89.0,"y":453.0},{"x":90.0,"y":458.0}]}}} at: [2026-06-18T20:25:05.085236200]
Sent data: {"cursors":{"5590":{"curse":"{\"radius\":10,\"width\":0,\"height\":0,\"color\":-65536,\"style\":0,\"ID\":5590,\"id\":5590}","points":[]}}} at: [2026-06-18T20:25:05.194375100]
Sent data: {"cursors":{"5590":{"curse":"{\"radius\":10,\"width\":0,\"height\":0,\"color\":-65536,\"style\":0,\"ID\":5590,\"id\":5590}","points":[]}}} at: [2026-06-18T20:25:05.302579500]
Sent data: {"cursors":{"5590":{"curse":"{\"radius\":10,\"width\":0,\"height\":0,\"color\":-65536,\"style\":0,\"ID\":5590,\"id\":5590}","points":[]}}} at: [2026-06-18T20:25:05.414887]
Sent data: {"cursors":{"5590":{"curse":"{\"radius\":10,\"width\":0,\"height\":0,\"color\":-65536,\"style\":0,\"ID\":5590,\"id\":5590}","points":[{"x":239.0,"y":661.0}]}}} at: [2026-06-18T20:25:05.521033900]
Sent data: {"cursors":{"5590":{"curse":"{\"radius\":10,\"width\":0,\"height\":0,\"color\":-65536,\"style\":0,\"ID\":5590,\"id\":5590}","points":[{"x":247.0,"y":661.0},{"x":258.0,"y":662.0},{"x":269.0,"y":664.0},{"x":275.0,"y":665.0},{"x":281.0,"y":666.0},{"x":287.0,"y":667.0},{"x":293.0,"y":667.0},{"x":299.0,"y":663.0}]}}} at: [2026-06-18T20:25:05.630033300]
Sent data: {"cursors":{"5590":{"curse":"{\"radius\":10,\"width\":0,\"height\":0,\"color\":-65536,\"style\":0,\"ID\":5590,\"id\":5590}","points":[{"x":301.0,"y":663.0}]}}} at: [2026-06-18T20:25:05.740033900]
Sent data: {"cursors":{"5590":{"curse":"{\"radius\":10,\"width\":0,\"height\":0,\"color\":-65536,\"style\":0,\"ID\":5590,\"id\":5590}","points":[]}}} at: [2026-06-18T20:25:05.848030500]
Sent data: {"cursors":{"5590":{"curse":"{\"radius\":10,\"width\":0,\"height\":0,\"color\":-65536,\"style\":0,\"ID\":5590,\"id\":5590}","points":[]}}} at: [2026-06-18T20:25:05.957062100]
Sent data: {"cursors":{"5590":{"curse":"{\"radius\":10,\"width\":0,\"height\":0,\"color\":-65536,\"style\":0,\"ID\":5590,\"id\":5590}","points":[]}}} at: [2026-06-18T20:25:06.062801700]
Sent data: {"cursors":{"5590":{"curse":"{\"radius\":10,\"width\":0,\"height\":0,\"color\":-65536,\"style\":0,\"ID\":5590,\"id\":5590}","points":[]}}} at: [2026-06-18T20:25:06.173643300]
Sent data: {"cursors":{"5590":{"curse":"{\"radius\":10,\"width\":0,\"height\":0,\"color\":-65536,\"style\":0,\"ID\":5590,\"id\":5590}","points":[]}}} at: [2026-06-18T20:25:06.283644500]
Sent data: {"cursors":{"5590":{"curse":"{\"radius\":10,\"width\":0,\"height\":0,\"color\":-65536,\"style\":0,\"ID\":5590,\"id\":5590}","points":[{"x":529.0,"y":393.0},{"x":528.0,"y":387.0},{"x":527.0,"y":383.0},{"x":527.0,"y":378.0}]}}} at: [2026-06-18T20:25:06.394582]
Sent data: {"cursors":{"5590":{"curse":"{\"radius\":10,\"width\":0,\"height\":0,\"color\":-65536,\"style\":0,\"ID\":5590,\"id\":5590}","points":[{"x":527.0,"y":374.0},{"x":527.0,"y":371.0},{"x":527.0,"y":367.0},{"x":526.0,"y":362.0},{"x":526.0,"y":358.0},{"x":525.0,"y":354.0},{"x":524.0,"y":350.0},{"x":523.0,"y":346.0}]}}} at: [2026-06-18T20:25:06.502171]
Sent data: {"cursors":{"5590":{"curse":"{\"radius\":10,\"width\":0,\"height\":0,\"color\":-65536,\"style\":0,\"ID\":5590,\"id\":5590}","points":[]}}} at: [2026-06-18T20:25:06.610024100]
Sent data: {"cursors":{"5590":{"curse":"{\"radius\":10,\"width\":0,\"height\":0,\"color\":-65536,\"style\":0,\"ID\":5590,\"id\":5590}","points":[]}}} at: [2026-06-18T20:25:06.719336100]
Sent data: {"cursors":{"5590":{"curse":"{\"radius\":10,\"width\":0,\"height\":0,\"color\":-65536,\"style\":0,\"ID\":5590,\"id\":5590}","points":[]}}} at: [2026-06-18T20:25:06.828580300]
Sent data: {"cursors":{"5590":{"curse":"{\"radius\":10,\"width\":0,\"height\":0,\"color\":-65536,\"style\":0,\"ID\":5590,\"id\":5590}","points":[]}}} at: [2026-06-18T20:25:06.938446300]
Sent data: {"cursors":{"5590":{"curse":"{\"radius\":10,\"width\":0,\"height\":0,\"color\":-65536,\"style\":0,\"ID\":5590,\"id\":5590}","points":[]}}} at: [2026-06-18T20:25:07.046553100]
Sent data: {"cursors":{"5590":{"curse":"{\"radius\":10,\"width\":0,\"height\":0,\"color\":-65536,\"style\":0,\"ID\":5590,\"id\":5590}","points":[]}}} at: [2026-06-18T20:25:07.154552900]
Sent data: {"cursors":{"5590":{"curse":"{\"radius\":10,\"width\":0,\"height\":0,\"color\":-65536,\"style\":0,\"ID\":5590,\"id\":5590}","points":[]}}} at: [2026-06-18T20:25:07.263373400]
Sent data: {"cursors":{"5590":{"curse":"{\"radius\":10,\"width\":0,\"height\":0,\"color\":-65536,\"style\":0,\"ID\":5590,\"id\":5590}","points":[]}}} at: [2026-06-18T20:25:07.369374800]
Sent data: {"cursors":{"5590":{"curse":"{\"radius\":10,\"width\":0,\"height\":0,\"color\":-65536,\"style\":0,\"ID\":5590,\"id\":5590}","points":[]}}} at: [2026-06-18T20:25:07.480000400]
Sent data: {"cursors":{"5590":{"curse":"{\"radius\":10,\"width\":0,\"height\":0,\"color\":-65536,\"style\":0,\"ID\":5590,\"id\":5590}","points":[]}}} at: [2026-06-18T20:25:07.588002200]
Sent data: {"cursors":{"5590":{"curse":"{\"radius\":10,\"width\":0,\"height\":0,\"color\":-65536,\"style\":0,\"ID\":5590,\"id\":5590}","points":[]}}} at: [2026-06-18T20:25:07.696996600]
Sent data: {"cursors":{"5590":{"curse":"{\"radius\":10,\"width\":0,\"height\":0,\"color\":-65536,\"style\":0,\"ID\":5590,\"id\":5590}","points":[{"x":443.0,"y":160.0},{"x":443.0,"y":155.0},{"x":443.0,"y":151.0},{"x":443.0,"y":148.0}]}}} at: [2026-06-18T20:25:07.804801400]
Sent data: {"cursors":{"5590":{"curse":"{\"radius\":10,\"width\":0,\"height\":0,\"color\":-65536,\"style\":0,\"ID\":5590,\"id\":5590}","points":[{"x":443.0,"y":145.0},{"x":442.0,"y":141.0},{"x":442.0,"y":138.0},{"x":442.0,"y":136.0},{"x":442.0,"y":134.0},{"x":443.0,"y":134.0},{"x":443.0,"y":134.0},{"x":444.0,"y":134.0},{"x":446.0,"y":134.0}]}}} at: [2026-06-18T20:25:07.912799900]
Sent data: {"cursors":{"5590":{"curse":"{\"radius\":10,\"width\":0,\"height\":0,\"color\":-65536,\"style\":0,\"ID\":5590,\"id\":5590}","points":[{"x":449.0,"y":135.0},{"x":451.0,"y":137.0},{"x":455.0,"y":140.0},{"x":461.0,"y":146.0},{"x":467.0,"y":154.0},{"x":471.0,"y":161.0},{"x":477.0,"y":171.0},{"x":480.0,"y":180.0},{"x":482.0,"y":192.0}]}}} at: [2026-06-18T20:25:08.018814700]
Sent data: {"cursors":{"5590":{"curse":"{\"radius\":10,\"width\":0,\"height\":0,\"color\":-65536,\"style\":0,\"ID\":5590,\"id\":5590}","points":[{"x":483.0,"y":199.0},{"x":483.0,"y":206.0},{"x":481.0,"y":211.0},{"x":475.0,"y":216.0},{"x":471.0,"y":217.0},{"x":467.0,"y":217.0},{"x":463.0,"y":217.0},{"x":459.0,"y":215.0}]}}} at: [2026-06-18T20:25:08.127333200]
Sent data: {"cursors":{"5590":{"curse":"{\"radius\":10,\"width\":0,\"height\":0,\"color\":-65536,\"style\":0,\"ID\":5590,\"id\":5590}","points":[{"x":439.0,"y":182.0},{"x":438.0,"y":176.0},{"x":437.0,"y":171.0},{"x":437.0,"y":168.0},{"x":436.0,"y":165.0},{"x":435.0,"y":163.0}]}}} at: [2026-06-18T20:25:08.236402500]
Sent data: {"cursors":{"5590":{"curse":"{\"radius\":10,\"width\":0,\"height\":0,\"color\":-65536,\"style\":0,\"ID\":5590,\"id\":5590}","points":[{"x":435.0,"y":163.0}]}}} at: [2026-06-18T20:25:08.343329800]
Sent data: {"cursors":{"5590":{"curse":"{\"radius\":10,\"width\":0,\"height\":0,\"color\":-65536,\"style\":0,\"ID\":5590,\"id\":5590}","points":[]}}} at: [2026-06-18T20:25:08.453601100]
Sent data: {"cursors":{"5590":{"curse":"{\"radius\":10,\"width\":0,\"height\":0,\"color\":-65536,\"style\":0,\"ID\":5590,\"id\":5590}","points":[]}}} at: [2026-06-18T20:25:08.559772300]
Sent data: {"cursors":{"5590":{"curse":"{\"radius\":10,\"width\":0,\"height\":0,\"color\":-65536,\"style\":0,\"ID\":5590,\"id\":5590}","points":[]}}} at: [2026-06-18T20:25:08.670777200]
Sent data: {"cursors":{"5590":{"curse":"{\"radius\":10,\"width\":0,\"height\":0,\"color\":-65536,\"style\":0,\"ID\":5590,\"id\":5590}","points":[]}}} at: [2026-06-18T20:25:08.777998500]
Sent data: {"cursors":{"5590":{"curse":"{\"radius\":10,\"width\":0,\"height\":0,\"color\":-65536,\"style\":0,\"ID\":5590,\"id\":5590}","points":[]}}} at: [2026-06-18T20:25:08.887050800]
Sent data: {"cursors":{"5590":{"curse":"{\"radius\":10,\"width\":0,\"height\":0,\"color\":-65536,\"style\":0,\"ID\":5590,\"id\":5590}","points":[]}}} at: [2026-06-18T20:25:08.994042500]
Sent data: {"cursors":{"5590":{"curse":"{\"radius\":10,\"width\":0,\"height\":0,\"color\":-65536,\"style\":0,\"ID\":5590,\"id\":5590}","points":[{"x":266.0,"y":122.0},{"x":265.0,"y":122.0},{"x":265.0,"y":122.0},{"x":265.0,"y":123.0},{"x":263.0,"y":125.0},{"x":258.0,"y":130.0},{"x":254.0,"y":136.0},{"x":251.0,"y":142.0}]}}} at: [2026-06-18T20:25:09.104225600]
Sent data: {"cursors":{"5590":{"curse":"{\"radius\":10,\"width\":0,\"height\":0,\"color\":-65536,\"style\":0,\"ID\":5590,\"id\":5590}","points":[{"x":249.0,"y":149.0},{"x":249.0,"y":158.0},{"x":249.0,"y":162.0},{"x":251.0,"y":164.0},{"x":255.0,"y":166.0},{"x":266.0,"y":166.0},{"x":275.0,"y":166.0},{"x":285.0,"y":163.0},{"x":293.0,"y":161.0}]}}} at: [2026-06-18T20:25:09.213226400]
Sent data: {"cursors":{"5590":{"curse":"{\"radius\":10,\"width\":0,\"height\":0,\"color\":-65536,\"style\":0,\"ID\":5590,\"id\":5590}","points":[{"x":299.0,"y":154.0},{"x":303.0,"y":147.0},{"x":304.0,"y":142.0},{"x":305.0,"y":137.0},{"x":305.0,"y":126.0},{"x":302.0,"y":118.0},{"x":298.0,"y":113.0},{"x":293.0,"y":108.0},{"x":288.0,"y":106.0}]}}} at: [2026-06-18T20:25:09.320224400]
Sent data: {"cursors":{"5590":{"curse":"{\"radius\":10,\"width\":0,\"height\":0,\"color\":-65536,\"style\":0,\"ID\":5590,\"id\":5590}","points":[{"x":282.0,"y":106.0},{"x":277.0,"y":107.0},{"x":271.0,"y":111.0},{"x":269.0,"y":115.0},{"x":267.0,"y":117.0},{"x":266.0,"y":119.0},{"x":266.0,"y":119.0}]}}} at: [2026-06-18T20:25:09.429844100]
Sent data: {"cursors":{"5590":{"curse":"{\"radius\":10,\"width\":0,\"height\":0,\"color\":-65536,\"style\":0,\"ID\":5590,\"id\":5590}","points":[]}}} at: [2026-06-18T20:25:09.538837300]
Sent data: {"cursors":{"5590":{"curse":"{\"radius\":10,\"width\":0,\"height\":0,\"color\":-65536,\"style\":0,\"ID\":5590,\"id\":5590}","points":[]}}} at: [2026-06-18T20:25:09.648836]
Sent data: {"cursors":{"5590":{"curse":"{\"radius\":10,\"width\":0,\"height\":0,\"color\":-65536,\"style\":0,\"ID\":5590,\"id\":5590}","points":[]}}} at: [2026-06-18T20:25:09.756650300]
Sent data: {"cursors":{"5590":{"curse":"{\"radius\":10,\"width\":0,\"height\":0,\"color\":-65536,\"style\":0,\"ID\":5590,\"id\":5590}","points":[]}}} at: [2026-06-18T20:25:09.864409500]
Sent data: {"cursors":{"5590":{"curse":"{\"radius\":10,\"width\":0,\"height\":0,\"color\":-65536,\"style\":0,\"ID\":5590,\"id\":5590}","points":[]}}} at: [2026-06-18T20:25:09.971060300]
Sent data: {"cursors":{"5590":{"curse":"{\"radius\":10,\"width\":0,\"height\":0,\"color\":-65536,\"style\":0,\"ID\":5590,\"id\":5590}","points":[]}}} at: [2026-06-18T20:25:10.081563400]
Sent data: {"cursors":{"5590":{"curse":"{\"radius\":10,\"width\":0,\"height\":0,\"color\":-65536,\"style\":0,\"ID\":5590,\"id\":5590}","points":[]}}} at: [2026-06-18T20:25:10.190740]
Sent data: {"cursors":{"5590":{"curse":"{\"radius\":10,\"width\":0,\"height\":0,\"color\":-65536,\"style\":0,\"ID\":5590,\"id\":5590}","points":[]}}} at: [2026-06-18T20:25:10.299091700]
Sent data: {"cursors":{"5590":{"curse":"{\"radius\":10,\"width\":0,\"height\":0,\"color\":-65536,\"style\":0,\"ID\":5590,\"id\":5590}","points":[]}}} at: [2026-06-18T20:25:10.407557]
Sent data: {"cursors":{"5590":{"curse":"{\"radius\":10,\"width\":0,\"height\":0,\"color\":-65536,\"style\":0,\"ID\":5590,\"id\":5590}","points":[]}}} at: [2026-06-18T20:25:10.518571]
Sent data: {"cursors":{"5590":{"curse":"{\"radius\":10,\"width\":0,\"height\":0,\"color\":-65536,\"style\":0,\"ID\":5590,\"id\":5590}","points":[]}}} at: [2026-06-18T20:25:10.627042500]
Sent data: {"cursors":{"5590":{"curse":"{\"radius\":10,\"width\":0,\"height\":0,\"color\":-65536,\"style\":0,\"ID\":5590,\"id\":5590}","points":[{"x":528.0,"y":565.0},{"x":527.0,"y":565.0}]}}} at: [2026-06-18T20:25:10.736033]
Sent data: {"cursors":{"5590":{"curse":"{\"radius\":10,\"width\":0,\"height\":0,\"color\":-65536,\"style\":0,\"ID\":5590,\"id\":5590}","points":[{"x":526.0,"y":567.0},{"x":524.0,"y":569.0},{"x":521.0,"y":571.0},{"x":518.0,"y":575.0},{"x":513.0,"y":578.0},{"x":508.0,"y":582.0},{"x":499.0,"y":587.0},{"x":490.0,"y":593.0},{"x":483.0,"y":597.0},{"x":476.0,"y":601.0}]}}} at: [2026-06-18T20:25:10.844037600]
Sent data: {"cursors":{"5590":{"curse":"{\"radius\":10,\"width\":0,\"height\":0,\"color\":-65536,\"style\":0,\"ID\":5590,\"id\":5590}","points":[{"x":465.0,"y":607.0},{"x":457.0,"y":611.0},{"x":453.0,"y":613.0},{"x":448.0,"y":614.0},{"x":443.0,"y":616.0},{"x":437.0,"y":617.0},{"x":432.0,"y":617.0},{"x":427.0,"y":617.0},{"x":421.0,"y":617.0},{"x":417.0,"y":615.0}]}}} at: [2026-06-18T20:25:10.952036400]
Sent data: {"cursors":{"5590":{"curse":"{\"radius\":10,\"width\":0,\"height\":0,\"color\":-65536,\"style\":0,\"ID\":5590,\"id\":5590}","points":[{"x":413.0,"y":614.0},{"x":409.0,"y":613.0},{"x":405.0,"y":611.0},{"x":399.0,"y":607.0},{"x":395.0,"y":603.0},{"x":393.0,"y":600.0},{"x":390.0,"y":597.0},{"x":386.0,"y":591.0},{"x":382.0,"y":585.0},{"x":379.0,"y":579.0}]}}} at: [2026-06-18T20:25:11.061634700]
Sent data: {"cursors":{"5590":{"curse":"{\"radius\":10,\"width\":0,\"height\":0,\"color\":-65536,\"style\":0,\"ID\":5590,\"id\":5590}","points":[{"x":377.0,"y":573.0},{"x":374.0,"y":565.0},{"x":372.0,"y":556.0},{"x":371.0,"y":550.0},{"x":370.0,"y":544.0},{"x":370.0,"y":538.0},{"x":370.0,"y":530.0},{"x":370.0,"y":526.0},{"x":370.0,"y":522.0},{"x":370.0,"y":519.0}]}}} at: [2026-06-18T20:25:11.170631300]
Sent data: {"cursors":{"5590":{"curse":"{\"radius\":10,\"width\":0,\"height\":0,\"color\":-65536,\"style\":0,\"ID\":5590,\"id\":5590}","points":[{"x":371.0,"y":514.0},{"x":373.0,"y":511.0},{"x":374.0,"y":507.0},{"x":376.0,"y":503.0},{"x":379.0,"y":498.0},{"x":382.0,"y":494.0},{"x":385.0,"y":491.0},{"x":389.0,"y":486.0},{"x":392.0,"y":482.0},{"x":397.0,"y":475.0}]}}} at: [2026-06-18T20:25:11.279627400]
Sent data: {"cursors":{"5590":{"curse":"{\"radius\":10,\"width\":0,\"height\":0,\"color\":-65536,\"style\":0,\"ID\":5590,\"id\":5590}","points":[{"x":402.0,"y":471.0},{"x":405.0,"y":468.0},{"x":408.0,"y":465.0},{"x":413.0,"y":462.0},{"x":417.0,"y":459.0},{"x":421.0,"y":457.0},{"x":425.0,"y":454.0},{"x":431.0,"y":450.0},{"x":436.0,"y":447.0}]}}} at: [2026-06-18T20:25:11.387630600]
Sent data: {"cursors":{"5590":{"curse":"{\"radius\":10,\"width\":0,\"height\":0,\"color\":-65536,\"style\":0,\"ID\":5590,\"id\":5590}","points":[{"x":444.0,"y":442.0},{"x":450.0,"y":438.0},{"x":454.0,"y":436.0},{"x":459.0,"y":434.0},{"x":462.0,"y":432.0},{"x":467.0,"y":430.0},{"x":471.0,"y":428.0},{"x":474.0,"y":427.0},{"x":478.0,"y":426.0},{"x":483.0,"y":425.0}]}}} at: [2026-06-18T20:25:11.496438500]
Sent data: {"cursors":{"5590":{"curse":"{\"radius\":10,\"width\":0,\"height\":0,\"color\":-65536,\"style\":0,\"ID\":5590,\"id\":5590}","points":[{"x":490.0,"y":423.0},{"x":495.0,"y":422.0},{"x":500.0,"y":421.0},{"x":504.0,"y":421.0},{"x":509.0,"y":419.0},{"x":513.0,"y":419.0},{"x":515.0,"y":419.0},{"x":519.0,"y":419.0},{"x":526.0,"y":419.0}]}}} at: [2026-06-18T20:25:11.606439600]
Sent data: {"cursors":{"5590":{"curse":"{\"radius\":10,\"width\":0,\"height\":0,\"color\":-65536,\"style\":0,\"ID\":5590,\"id\":5590}","points":[{"x":530.0,"y":419.0},{"x":534.0,"y":421.0},{"x":538.0,"y":422.0},{"x":544.0,"y":423.0},{"x":549.0,"y":426.0},{"x":553.0,"y":428.0},{"x":557.0,"y":430.0},{"x":563.0,"y":434.0},{"x":568.0,"y":437.0},{"x":572.0,"y":439.0}]}}} at: [2026-06-18T20:25:11.714440600]
Sent data: {"cursors":{"5590":{"curse":"{\"radius\":10,\"width\":0,\"height\":0,\"color\":-65536,\"style\":0,\"ID\":5590,\"id\":5590}","points":[{"x":575.0,"y":443.0},{"x":579.0,"y":446.0},{"x":583.0,"y":452.0},{"x":587.0,"y":457.0},{"x":591.0,"y":462.0},{"x":594.0,"y":465.0},{"x":598.0,"y":472.0},{"x":600.0,"y":476.0},{"x":602.0,"y":479.0},{"x":603.0,"y":483.0}]}}} at: [2026-06-18T20:25:11.823436600]
Sent data: {"cursors":{"5590":{"curse":"{\"radius\":10,\"width\":0,\"height\":0,\"color\":-65536,\"style\":0,\"ID\":5590,\"id\":5590}","points":[{"x":606.0,"y":489.0},{"x":607.0,"y":492.0},{"x":607.0,"y":497.0},{"x":608.0,"y":500.0},{"x":609.0,"y":505.0},{"x":609.0,"y":509.0},{"x":609.0,"y":511.0},{"x":609.0,"y":514.0},{"x":607.0,"y":518.0},{"x":606.0,"y":521.0}]}}} at: [2026-06-18T20:25:11.931441800]
Sent data: {"cursors":{"5590":{"curse":"{\"radius\":10,\"width\":0,\"height\":0,\"color\":-65536,\"style\":0,\"ID\":5590,\"id\":5590}","points":[{"x":605.0,"y":523.0},{"x":603.0,"y":526.0},{"x":601.0,"y":528.0},{"x":598.0,"y":533.0},{"x":595.0,"y":537.0},{"x":593.0,"y":540.0},{"x":590.0,"y":543.0},{"x":587.0,"y":547.0},{"x":585.0,"y":549.0},{"x":584.0,"y":550.0}]}}} at: [2026-06-18T20:25:12.039675]
Sent data: {"cursors":{"5590":{"curse":"{\"radius\":10,\"width\":0,\"height\":0,\"color\":-65536,\"style\":0,\"ID\":5590,\"id\":5590}","points":[{"x":582.0,"y":551.0},{"x":579.0,"y":553.0},{"x":577.0,"y":555.0},{"x":574.0,"y":557.0},{"x":572.0,"y":559.0},{"x":570.0,"y":560.0},{"x":566.0,"y":563.0},{"x":562.0,"y":565.0},{"x":559.0,"y":567.0},{"x":557.0,"y":569.0}]}}} at: [2026-06-18T20:25:12.148676600]
Sent data: {"cursors":{"5590":{"curse":"{\"radius\":10,\"width\":0,\"height\":0,\"color\":-65536,\"style\":0,\"ID\":5590,\"id\":5590}","points":[{"x":554.0,"y":572.0},{"x":551.0,"y":574.0},{"x":550.0,"y":575.0},{"x":549.0,"y":578.0},{"x":547.0,"y":581.0},{"x":547.0,"y":583.0},{"x":546.0,"y":586.0},{"x":546.0,"y":589.0},{"x":546.0,"y":594.0},{"x":547.0,"y":598.0}]}}} at: [2026-06-18T20:25:12.255675700]
Sent data: {"cursors":{"5590":{"curse":"{\"radius\":10,\"width\":0,\"height\":0,\"color\":-65536,\"style\":0,\"ID\":5590,\"id\":5590}","points":[{"x":548.0,"y":602.0},{"x":550.0,"y":607.0},{"x":553.0,"y":610.0},{"x":558.0,"y":617.0},{"x":562.0,"y":621.0},{"x":566.0,"y":625.0},{"x":569.0,"y":628.0},{"x":573.0,"y":631.0},{"x":575.0,"y":632.0},{"x":577.0,"y":633.0},{"x":580.0,"y":634.0}]}}} at: [2026-06-18T20:25:12.366673400]
Sent data: {"cursors":{"5590":{"curse":"{\"radius\":10,\"width\":0,\"height\":0,\"color\":-65536,\"style\":0,\"ID\":5590,\"id\":5590}","points":[{"x":583.0,"y":635.0},{"x":588.0,"y":635.0},{"x":593.0,"y":636.0},{"x":597.0,"y":636.0},{"x":602.0,"y":637.0},{"x":609.0,"y":637.0},{"x":613.0,"y":637.0},{"x":615.0,"y":637.0},{"x":619.0,"y":637.0}]}}} at: [2026-06-18T20:25:12.473249]
Sent data: {"cursors":{"5590":{"curse":"{\"radius\":10,\"width\":0,\"height\":0,\"color\":-65536,\"style\":0,\"ID\":5590,\"id\":5590}","points":[{"x":623.0,"y":637.0},{"x":626.0,"y":637.0},{"x":630.0,"y":637.0},{"x":634.0,"y":635.0},{"x":639.0,"y":632.0},{"x":644.0,"y":629.0},{"x":649.0,"y":626.0},{"x":652.0,"y":623.0},{"x":655.0,"y":621.0},{"x":660.0,"y":617.0}]}}} at: [2026-06-18T20:25:12.581249600]
Sent data: {"cursors":{"5590":{"curse":"{\"radius\":10,\"width\":0,\"height\":0,\"color\":-65536,\"style\":0,\"ID\":5590,\"id\":5590}","points":[{"x":663.0,"y":614.0},{"x":667.0,"y":611.0},{"x":671.0,"y":609.0},{"x":676.0,"y":605.0},{"x":681.0,"y":599.0},{"x":685.0,"y":594.0},{"x":689.0,"y":588.0},{"x":691.0,"y":583.0},{"x":694.0,"y":578.0},{"x":696.0,"y":574.0},{"x":697.0,"y":570.0}]}}} at: [2026-06-18T20:25:12.688250700]
Sent data: {"cursors":{"5590":{"curse":"{\"radius\":10,\"width\":0,\"height\":0,\"color\":-65536,\"style\":0,\"ID\":5590,\"id\":5590}","points":[{"x":698.0,"y":567.0},{"x":699.0,"y":564.0},{"x":700.0,"y":560.0},{"x":700.0,"y":557.0},{"x":701.0,"y":553.0},{"x":701.0,"y":547.0},{"x":702.0,"y":542.0},{"x":702.0,"y":538.0},{"x":702.0,"y":532.0}]}}} at: [2026-06-18T20:25:12.798260200]
Sent data: {"cursors":{"5590":{"curse":"{\"radius\":10,\"width\":0,\"height\":0,\"color\":-65536,\"style\":0,\"ID\":5590,\"id\":5590}","points":[{"x":702.0,"y":524.0},{"x":702.0,"y":518.0},{"x":703.0,"y":511.0},{"x":703.0,"y":505.0},{"x":703.0,"y":499.0},{"x":703.0,"y":492.0},{"x":703.0,"y":485.0},{"x":703.0,"y":479.0},{"x":703.0,"y":473.0},{"x":702.0,"y":463.0},{"x":702.0,"y":457.0}]}}} at: [2026-06-18T20:25:12.906987400]
Sent data: {"cursors":{"5590":{"curse":"{\"radius\":10,\"width\":0,\"height\":0,\"color\":-65536,\"style\":0,\"ID\":5590,\"id\":5590}","points":[{"x":702.0,"y":451.0},{"x":702.0,"y":445.0},{"x":702.0,"y":440.0},{"x":702.0,"y":430.0},{"x":702.0,"y":424.0},{"x":702.0,"y":418.0},{"x":702.0,"y":410.0},{"x":701.0,"y":400.0},{"x":701.0,"y":393.0},{"x":701.0,"y":387.0}]}}} at: [2026-06-18T20:25:13.015986200]
Sent data: {"cursors":{"5590":{"curse":"{\"radius\":10,\"width\":0,\"height\":0,\"color\":-65536,\"style\":0,\"ID\":5590,\"id\":5590}","points":[{"x":700.0,"y":381.0},{"x":699.0,"y":373.0},{"x":698.0,"y":368.0},{"x":697.0,"y":361.0},{"x":697.0,"y":355.0},{"x":695.0,"y":348.0},{"x":693.0,"y":338.0},{"x":692.0,"y":330.0},{"x":691.0,"y":324.0},{"x":689.0,"y":317.0}]}}} at: [2026-06-18T20:25:13.124513]
Sent data: {"cursors":{"5590":{"curse":"{\"radius\":10,\"width\":0,\"height\":0,\"color\":-65536,\"style\":0,\"ID\":5590,\"id\":5590}","points":[{"x":686.0,"y":305.0},{"x":682.0,"y":291.0},{"x":679.0,"y":282.0},{"x":676.0,"y":275.0},{"x":673.0,"y":263.0},{"x":669.0,"y":253.0},{"x":666.0,"y":245.0},{"x":661.0,"y":237.0},{"x":657.0,"y":229.0},{"x":648.0,"y":215.0}]}}} at: [2026-06-18T20:25:13.235514700]
Sent data: {"cursors":{"5590":{"curse":"{\"radius\":10,\"width\":0,\"height\":0,\"color\":-65536,\"style\":0,\"ID\":5590,\"id\":5590}","points":[{"x":641.0,"y":203.0},{"x":637.0,"y":196.0},{"x":633.0,"y":190.0},{"x":628.0,"y":184.0},{"x":624.0,"y":181.0},{"x":620.0,"y":177.0},{"x":617.0,"y":175.0},{"x":610.0,"y":172.0},{"x":605.0,"y":170.0},{"x":599.0,"y":166.0}]}}} at: [2026-06-18T20:25:13.343513500]
Sent data: {"cursors":{"5590":{"curse":"{\"radius\":10,\"width\":0,\"height\":0,\"color\":-65536,\"style\":0,\"ID\":5590,\"id\":5590}","points":[{"x":593.0,"y":161.0},{"x":589.0,"y":159.0},{"x":588.0,"y":158.0},{"x":586.0,"y":158.0},{"x":583.0,"y":157.0},{"x":579.0,"y":157.0},{"x":576.0,"y":157.0},{"x":573.0,"y":157.0},{"x":570.0,"y":157.0},{"x":566.0,"y":157.0}]}}} at: [2026-06-18T20:25:13.450517700]
Sent data: {"cursors":{"5590":{"curse":"{\"radius\":10,\"width\":0,\"height\":0,\"color\":-65536,\"style\":0,\"ID\":5590,\"id\":5590}","points":[{"x":559.0,"y":157.0},{"x":555.0,"y":157.0},{"x":552.0,"y":157.0},{"x":549.0,"y":157.0},{"x":545.0,"y":156.0},{"x":542.0,"y":156.0},{"x":537.0,"y":156.0},{"x":534.0,"y":155.0},{"x":529.0,"y":155.0},{"x":524.0,"y":154.0}]}}} at: [2026-06-18T20:25:13.560170100]
Sent data: {"cursors":{"5590":{"curse":"{\"radius\":10,\"width\":0,\"height\":0,\"color\":-65536,\"style\":0,\"ID\":5590,\"id\":5590}","points":[{"x":520.0,"y":154.0},{"x":516.0,"y":154.0},{"x":511.0,"y":154.0},{"x":506.0,"y":154.0},{"x":502.0,"y":155.0},{"x":498.0,"y":156.0},{"x":494.0,"y":157.0},{"x":488.0,"y":159.0},{"x":483.0,"y":161.0},{"x":479.0,"y":162.0}]}}} at: [2026-06-18T20:25:13.668169]
Sent data: {"cursors":{"5590":{"curse":"{\"radius\":10,\"width\":0,\"height\":0,\"color\":-65536,\"style\":0,\"ID\":5590,\"id\":5590}","points":[{"x":476.0,"y":164.0},{"x":470.0,"y":167.0},{"x":466.0,"y":170.0},{"x":463.0,"y":172.0},{"x":460.0,"y":175.0},{"x":456.0,"y":179.0},{"x":453.0,"y":182.0},{"x":450.0,"y":184.0},{"x":448.0,"y":186.0}]}}} at: [2026-06-18T20:25:13.778165400]
Sent data: {"cursors":{"5590":{"curse":"{\"radius\":10,\"width\":0,\"height\":0,\"color\":-65536,\"style\":0,\"ID\":5590,\"id\":5590}","points":[{"x":446.0,"y":190.0},{"x":443.0,"y":193.0},{"x":441.0,"y":195.0},{"x":438.0,"y":199.0},{"x":435.0,"y":203.0},{"x":431.0,"y":210.0},{"x":429.0,"y":214.0},{"x":426.0,"y":217.0},{"x":423.0,"y":221.0},{"x":421.0,"y":225.0},{"x":418.0,"y":229.0}]}}} at: [2026-06-18T20:25:13.885169800]
Sent data: {"cursors":{"5590":{"curse":"{\"radius\":10,\"width\":0,\"height\":0,\"color\":-65536,\"style\":0,\"ID\":5590,\"id\":5590}","points":[{"x":416.0,"y":235.0},{"x":414.0,"y":240.0},{"x":412.0,"y":245.0},{"x":409.0,"y":253.0},{"x":406.0,"y":259.0},{"x":405.0,"y":263.0},{"x":402.0,"y":269.0},{"x":399.0,"y":274.0},{"x":397.0,"y":279.0},{"x":395.0,"y":284.0}]}}} at: [2026-06-18T20:25:13.995166400]
Sent data: {"cursors":{"5590":{"curse":"{\"radius\":10,\"width\":0,\"height\":0,\"color\":-65536,\"style\":0,\"ID\":5590,\"id\":5590}","points":[{"x":394.0,"y":289.0},{"x":391.0,"y":295.0},{"x":390.0,"y":300.0},{"x":389.0,"y":303.0},{"x":387.0,"y":306.0},{"x":385.0,"y":309.0},{"x":381.0,"y":315.0},{"x":379.0,"y":319.0},{"x":377.0,"y":323.0},{"x":375.0,"y":327.0}]}}} at: [2026-06-18T20:25:14.103474]
Sent data: {"cursors":{"5590":{"curse":"{\"radius\":10,\"width\":0,\"height\":0,\"color\":-65536,\"style\":0,\"ID\":5590,\"id\":5590}","points":[{"x":373.0,"y":331.0},{"x":370.0,"y":335.0},{"x":368.0,"y":338.0},{"x":366.0,"y":341.0},{"x":363.0,"y":346.0},{"x":361.0,"y":349.0},{"x":358.0,"y":352.0},{"x":355.0,"y":356.0},{"x":353.0,"y":361.0},{"x":350.0,"y":367.0}]}}} at: [2026-06-18T20:25:14.210474]
Sent data: {"cursors":{"5590":{"curse":"{\"radius\":10,\"width\":0,\"height\":0,\"color\":-65536,\"style\":0,\"ID\":5590,\"id\":5590}","points":[{"x":346.0,"y":373.0},{"x":344.0,"y":378.0},{"x":342.0,"y":383.0},{"x":338.0,"y":390.0},{"x":336.0,"y":396.0},{"x":334.0,"y":401.0},{"x":330.0,"y":407.0},{"x":324.0,"y":418.0},{"x":319.0,"y":426.0},{"x":315.0,"y":435.0}]}}} at: [2026-06-18T20:25:14.317473200]
Sent data: {"cursors":{"5590":{"curse":"{\"radius\":10,\"width\":0,\"height\":0,\"color\":-65536,\"style\":0,\"ID\":5590,\"id\":5590}","points":[{"x":311.0,"y":443.0},{"x":308.0,"y":450.0},{"x":304.0,"y":458.0},{"x":301.0,"y":464.0},{"x":299.0,"y":467.0},{"x":298.0,"y":469.0},{"x":298.0,"y":470.0},{"x":297.0,"y":470.0},{"x":296.0,"y":470.0},{"x":295.0,"y":471.0}]}}} at: [2026-06-18T20:25:14.426473200]
Sent data: {"cursors":{"5590":{"curse":"{\"radius\":10,\"width\":0,\"height\":0,\"color\":-65536,\"style\":0,\"ID\":5590,\"id\":5590}","points":[{"x":293.0,"y":471.0},{"x":290.0,"y":471.0},{"x":288.0,"y":471.0},{"x":285.0,"y":471.0},{"x":282.0,"y":470.0},{"x":277.0,"y":467.0},{"x":274.0,"y":465.0},{"x":270.0,"y":462.0},{"x":266.0,"y":458.0},{"x":262.0,"y":453.0},{"x":259.0,"y":449.0}]}}} at: [2026-06-18T20:25:14.535254700]
Sent data: {"cursors":{"5590":{"curse":"{\"radius\":10,\"width\":0,\"height\":0,\"color\":-65536,\"style\":0,\"ID\":5590,\"id\":5590}","points":[{"x":256.0,"y":445.0},{"x":254.0,"y":440.0},{"x":251.0,"y":435.0},{"x":248.0,"y":428.0},{"x":245.0,"y":422.0},{"x":243.0,"y":417.0},{"x":241.0,"y":411.0},{"x":239.0,"y":404.0},{"x":239.0,"y":400.0},{"x":238.0,"y":396.0}]}}} at: [2026-06-18T20:25:14.644252500]
Sent data: {"cursors":{"5590":{"curse":"{\"radius\":10,\"width\":0,\"height\":0,\"color\":-65536,\"style\":0,\"ID\":5590,\"id\":5590}","points":[{"x":237.0,"y":392.0},{"x":237.0,"y":388.0},{"x":237.0,"y":383.0},{"x":236.0,"y":377.0},{"x":236.0,"y":373.0},{"x":236.0,"y":367.0},{"x":235.0,"y":359.0},{"x":235.0,"y":354.0},{"x":235.0,"y":348.0},{"x":235.0,"y":342.0},{"x":234.0,"y":337.0}]}}} at: [2026-06-18T20:25:14.754252600]
Sent data: {"cursors":{"5590":{"curse":"{\"radius\":10,\"width\":0,\"height\":0,\"color\":-65536,\"style\":0,\"ID\":5590,\"id\":5590}","points":[{"x":234.0,"y":329.0},{"x":234.0,"y":322.0},{"x":234.0,"y":315.0},{"x":234.0,"y":310.0},{"x":235.0,"y":299.0},{"x":236.0,"y":291.0},{"x":237.0,"y":282.0},{"x":238.0,"y":274.0},{"x":239.0,"y":268.0},{"x":241.0,"y":258.0}]}}} at: [2026-06-18T20:25:14.862252600]
Sent data: {"cursors":{"5590":{"curse":"{\"radius\":10,\"width\":0,\"height\":0,\"color\":-65536,\"style\":0,\"ID\":5590,\"id\":5590}","points":[{"x":242.0,"y":251.0},{"x":243.0,"y":245.0},{"x":245.0,"y":239.0},{"x":247.0,"y":230.0},{"x":249.0,"y":224.0},{"x":250.0,"y":218.0},{"x":251.0,"y":214.0},{"x":253.0,"y":209.0},{"x":254.0,"y":205.0},{"x":255.0,"y":202.0},{"x":257.0,"y":199.0}]}}} at: [2026-06-18T20:25:14.972934300]
Sent data: {"cursors":{"5590":{"curse":"{\"radius\":10,\"width\":0,\"height\":0,\"color\":-65536,\"style\":0,\"ID\":5590,\"id\":5590}","points":[{"x":258.0,"y":195.0},{"x":261.0,"y":189.0},{"x":262.0,"y":184.0},{"x":265.0,"y":179.0},{"x":267.0,"y":173.0},{"x":269.0,"y":169.0},{"x":272.0,"y":163.0},{"x":273.0,"y":160.0},{"x":275.0,"y":157.0},{"x":277.0,"y":154.0}]}}} at: [2026-06-18T20:25:15.079461900]
Sent data: {"cursors":{"5590":{"curse":"{\"radius\":10,\"width\":0,\"height\":0,\"color\":-65536,\"style\":0,\"ID\":5590,\"id\":5590}","points":[{"x":279.0,"y":149.0},{"x":281.0,"y":146.0},{"x":283.0,"y":142.0},{"x":286.0,"y":139.0},{"x":290.0,"y":133.0},{"x":293.0,"y":130.0},{"x":296.0,"y":126.0},{"x":299.0,"y":123.0},{"x":301.0,"y":122.0},{"x":305.0,"y":118.0},{"x":307.0,"y":116.0}]}}} at: [2026-06-18T20:25:15.189459700]
Sent data: {"cursors":{"5590":{"curse":"{\"radius\":10,\"width\":0,\"height\":0,\"color\":-65536,\"style\":0,\"ID\":5590,\"id\":5590}","points":[{"x":309.0,"y":114.0},{"x":312.0,"y":111.0},{"x":314.0,"y":110.0},{"x":318.0,"y":106.0},{"x":323.0,"y":103.0},{"x":327.0,"y":100.0},{"x":331.0,"y":97.0},{"x":339.0,"y":93.0},{"x":343.0,"y":90.0},{"x":347.0,"y":89.0}]}}} at: [2026-06-18T20:25:15.300460400]
Sent data: {"cursors":{"5590":{"curse":"{\"radius\":10,\"width\":0,\"height\":0,\"color\":-65536,\"style\":0,\"ID\":5590,\"id\":5590}","points":[{"x":354.0,"y":87.0},{"x":358.0,"y":86.0},{"x":361.0,"y":86.0},{"x":365.0,"y":86.0},{"x":369.0,"y":86.0},{"x":374.0,"y":87.0},{"x":379.0,"y":90.0},{"x":383.0,"y":92.0},{"x":387.0,"y":94.0}]}}} at: [2026-06-18T20:25:15.406458600]
Sent data: {"cursors":{"5590":{"curse":"{\"radius\":10,\"width\":0,\"height\":0,\"color\":-65536,\"style\":0,\"ID\":5590,\"id\":5590}","points":[{"x":391.0,"y":98.0},{"x":394.0,"y":101.0},{"x":397.0,"y":103.0},{"x":399.0,"y":106.0},{"x":402.0,"y":110.0},{"x":406.0,"y":115.0},{"x":410.0,"y":121.0},{"x":414.0,"y":126.0},{"x":419.0,"y":133.0},{"x":426.0,"y":144.0},{"x":430.0,"y":152.0}]}}} at: [2026-06-18T20:25:15.515225500]
Sent data: {"cursors":{"5590":{"curse":"{\"radius\":10,\"width\":0,\"height\":0,\"color\":-65536,\"style\":0,\"ID\":5590,\"id\":5590}","points":[{"x":433.0,"y":158.0},{"x":436.0,"y":163.0},{"x":439.0,"y":168.0},{"x":442.0,"y":173.0},{"x":444.0,"y":175.0},{"x":445.0,"y":177.0},{"x":445.0,"y":178.0},{"x":446.0,"y":179.0},{"x":446.0,"y":181.0},{"x":447.0,"y":184.0}]}}} at: [2026-06-18T20:25:15.624072]
Sent data: {"cursors":{"5590":{"curse":"{\"radius\":10,\"width\":0,\"height\":0,\"color\":-65536,\"style\":0,\"ID\":5590,\"id\":5590}","points":[{"x":448.0,"y":188.0},{"x":448.0,"y":191.0},{"x":448.0,"y":195.0},{"x":448.0,"y":198.0},{"x":448.0,"y":201.0},{"x":448.0,"y":202.0},{"x":447.0,"y":204.0},{"x":446.0,"y":206.0},{"x":444.0,"y":208.0},{"x":442.0,"y":211.0}]}}} at: [2026-06-18T20:25:15.736078600]
Sent data: {"cursors":{"5590":{"curse":"{\"radius\":10,\"width\":0,\"height\":0,\"color\":-65536,\"style\":0,\"ID\":5590,\"id\":5590}","points":[{"x":438.0,"y":215.0},{"x":436.0,"y":219.0},{"x":434.0,"y":222.0},{"x":433.0,"y":225.0},{"x":431.0,"y":228.0},{"x":430.0,"y":230.0},{"x":430.0,"y":231.0},{"x":430.0,"y":232.0},{"x":429.0,"y":233.0},{"x":429.0,"y":234.0}]}}} at: [2026-06-18T20:25:15.844077900]
Sent data: {"cursors":{"5590":{"curse":"{\"radius\":10,\"width\":0,\"height\":0,\"color\":-65536,\"style\":0,\"ID\":5590,\"id\":5590}","points":[{"x":429.0,"y":235.0},{"x":429.0,"y":237.0},{"x":428.0,"y":237.0},{"x":428.0,"y":238.0},{"x":428.0,"y":238.0},{"x":427.0,"y":239.0},{"x":427.0,"y":241.0},{"x":427.0,"y":243.0}]}}} at: [2026-06-18T20:25:15.950815400]
Sent data: {"cursors":{"5590":{"curse":"{\"radius\":10,\"width\":0,\"height\":0,\"color\":-65536,\"style\":0,\"ID\":5590,\"id\":5590}","points":[{"x":427.0,"y":246.0},{"x":426.0,"y":249.0},{"x":426.0,"y":253.0},{"x":425.0,"y":257.0},{"x":423.0,"y":260.0},{"x":423.0,"y":262.0},{"x":422.0,"y":264.0},{"x":421.0,"y":265.0},{"x":421.0,"y":266.0}]}}} at: [2026-06-18T20:25:16.059134]
Sent data: {"cursors":{"5590":{"curse":"{\"radius\":10,\"width\":0,\"height\":0,\"color\":-65536,\"style\":0,\"ID\":5590,\"id\":5590}","points":[]}}} at: [2026-06-18T20:25:16.170139100]
Sent data: {"cursors":{"5590":{"curse":"{\"radius\":10,\"width\":0,\"height\":0,\"color\":-65536,\"style\":0,\"ID\":5590,\"id\":5590}","points":[{"x":421.0,"y":266.0},{"x":421.0,"y":268.0},{"x":421.0,"y":271.0},{"x":422.0,"y":275.0},{"x":423.0,"y":278.0},{"x":425.0,"y":282.0},{"x":426.0,"y":286.0},{"x":427.0,"y":289.0},{"x":427.0,"y":291.0},{"x":428.0,"y":292.0}]}}} at: [2026-06-18T20:25:16.278140200]
Sent data: {"cursors":{"5590":{"curse":"{\"radius\":10,\"width\":0,\"height\":0,\"color\":-65536,\"style\":0,\"ID\":5590,\"id\":5590}","points":[{"x":429.0,"y":294.0},{"x":430.0,"y":295.0},{"x":431.0,"y":297.0},{"x":433.0,"y":299.0},{"x":434.0,"y":301.0},{"x":436.0,"y":303.0},{"x":438.0,"y":307.0},{"x":440.0,"y":309.0},{"x":442.0,"y":312.0},{"x":443.0,"y":314.0}]}}} at: [2026-06-18T20:25:16.387136500]
Sent data: {"cursors":{"5590":{"curse":"{\"radius\":10,\"width\":0,\"height\":0,\"color\":-65536,\"style\":0,\"ID\":5590,\"id\":5590}","points":[{"x":446.0,"y":315.0},{"x":449.0,"y":317.0},{"x":451.0,"y":318.0},{"x":454.0,"y":319.0},{"x":458.0,"y":322.0},{"x":461.0,"y":323.0},{"x":463.0,"y":325.0},{"x":466.0,"y":327.0},{"x":469.0,"y":329.0},{"x":473.0,"y":331.0}]}}} at: [2026-06-18T20:25:16.493763100]
Sent data: {"cursors":{"5590":{"curse":"{\"radius\":10,\"width\":0,\"height\":0,\"color\":-65536,\"style\":0,\"ID\":5590,\"id\":5590}","points":[{"x":476.0,"y":333.0},{"x":479.0,"y":334.0},{"x":482.0,"y":335.0},{"x":487.0,"y":337.0},{"x":490.0,"y":339.0},{"x":493.0,"y":340.0},{"x":496.0,"y":341.0},{"x":501.0,"y":344.0},{"x":504.0,"y":346.0},{"x":506.0,"y":347.0},{"x":509.0,"y":349.0}]}}} at: [2026-06-18T20:25:16.601767300]
Sent data: {"cursors":{"5590":{"curse":"{\"radius\":10,\"width\":0,\"height\":0,\"color\":-65536,\"style\":0,\"ID\":5590,\"id\":5590}","points":[{"x":511.0,"y":350.0},{"x":515.0,"y":351.0},{"x":518.0,"y":352.0},{"x":522.0,"y":353.0},{"x":527.0,"y":353.0},{"x":534.0,"y":354.0},{"x":540.0,"y":355.0},{"x":545.0,"y":355.0},{"x":550.0,"y":357.0}]}}} at: [2026-06-18T20:25:16.709765700]
Sent data: {"cursors":{"5590":{"curse":"{\"radius\":10,\"width\":0,\"height\":0,\"color\":-65536,\"style\":0,\"ID\":5590,\"id\":5590}","points":[{"x":557.0,"y":359.0},{"x":562.0,"y":363.0},{"x":566.0,"y":366.0},{"x":570.0,"y":370.0},{"x":574.0,"y":374.0},{"x":579.0,"y":380.0},{"x":582.0,"y":385.0},{"x":585.0,"y":389.0},{"x":588.0,"y":394.0},{"x":591.0,"y":401.0}]}}} at: [2026-06-18T20:25:16.817767500]
Sent data: {"cursors":{"5590":{"curse":"{\"radius\":10,\"width\":0,\"height\":0,\"color\":-65536,\"style\":0,\"ID\":5590,\"id\":5590}","points":[{"x":594.0,"y":407.0},{"x":597.0,"y":414.0},{"x":599.0,"y":421.0},{"x":602.0,"y":430.0},{"x":603.0,"y":436.0},{"x":605.0,"y":442.0},{"x":606.0,"y":447.0},{"x":606.0,"y":453.0},{"x":607.0,"y":460.0},{"x":608.0,"y":465.0},{"x":609.0,"y":471.0}]}}} at: [2026-06-18T20:25:16.926763]
Sent data: {"cursors":{"5590":{"curse":"{\"radius\":10,\"width\":0,\"height\":0,\"color\":-65536,\"style\":0,\"ID\":5590,\"id\":5590}","points":[{"x":610.0,"y":476.0},{"x":611.0,"y":483.0},{"x":611.0,"y":489.0},{"x":612.0,"y":495.0},{"x":613.0,"y":502.0},{"x":614.0,"y":507.0},{"x":615.0,"y":514.0},{"x":615.0,"y":518.0},{"x":615.0,"y":521.0},{"x":616.0,"y":524.0}]}}} at: [2026-06-18T20:25:17.033775500]
Sent data: {"cursors":{"5590":{"curse":"{\"radius\":10,\"width\":0,\"height\":0,\"color\":-65536,\"style\":0,\"ID\":5590,\"id\":5590}","points":[{"x":616.0,"y":527.0},{"x":616.0,"y":528.0},{"x":616.0,"y":529.0},{"x":616.0,"y":530.0},{"x":616.0,"y":534.0},{"x":616.0,"y":536.0},{"x":616.0,"y":539.0},{"x":617.0,"y":543.0},{"x":617.0,"y":551.0},{"x":617.0,"y":556.0}]}}} at: [2026-06-18T20:25:17.140290100]
Sent data: {"cursors":{"5590":{"curse":"{\"radius\":10,\"width\":0,\"height\":0,\"color\":-65536,\"style\":0,\"ID\":5590,\"id\":5590}","points":[{"x":617.0,"y":561.0},{"x":618.0,"y":566.0},{"x":618.0,"y":571.0},{"x":618.0,"y":577.0},{"x":618.0,"y":581.0},{"x":618.0,"y":584.0},{"x":619.0,"y":587.0},{"x":619.0,"y":592.0},{"x":620.0,"y":595.0},{"x":621.0,"y":598.0}]}}} at: [2026-06-18T20:25:17.248552600]
Sent data: {"cursors":{"5590":{"curse":"{\"radius\":10,\"width\":0,\"height\":0,\"color\":-65536,\"style\":0,\"ID\":5590,\"id\":5590}","points":[{"x":621.0,"y":602.0},{"x":622.0,"y":606.0},{"x":622.0,"y":611.0},{"x":622.0,"y":614.0},{"x":622.0,"y":615.0},{"x":622.0,"y":617.0},{"x":622.0,"y":618.0}]}}} at: [2026-06-18T20:25:17.356549300]
Sent data: {"cursors":{"5590":{"curse":"{\"radius\":10,\"width\":0,\"height\":0,\"color\":-65536,\"style\":0,\"ID\":5590,\"id\":5590}","points":[{"x":622.0,"y":618.0},{"x":617.0,"y":619.0},{"x":612.0,"y":619.0},{"x":607.0,"y":620.0},{"x":599.0,"y":620.0},{"x":595.0,"y":619.0},{"x":591.0,"y":619.0},{"x":589.0,"y":618.0},{"x":586.0,"y":617.0},{"x":581.0,"y":615.0}]}}} at: [2026-06-18T20:25:17.466551500]
Sent data: {"cursors":{"5590":{"curse":"{\"radius\":10,\"width\":0,\"height\":0,\"color\":-65536,\"style\":0,\"ID\":5590,\"id\":5590}","points":[{"x":578.0,"y":614.0},{"x":574.0,"y":612.0},{"x":569.0,"y":609.0},{"x":563.0,"y":605.0},{"x":558.0,"y":600.0},{"x":554.0,"y":597.0},{"x":551.0,"y":594.0},{"x":549.0,"y":591.0},{"x":545.0,"y":586.0},{"x":542.0,"y":583.0},{"x":540.0,"y":580.0}]}}} at: [2026-06-18T20:25:17.576164300]
Sent data: {"cursors":{"5590":{"curse":"{\"radius\":10,\"width\":0,\"height\":0,\"color\":-65536,\"style\":0,\"ID\":5590,\"id\":5590}","points":[{"x":538.0,"y":577.0},{"x":537.0,"y":573.0},{"x":535.0,"y":569.0},{"x":534.0,"y":566.0},{"x":534.0,"y":563.0},{"x":534.0,"y":559.0},{"x":534.0,"y":554.0},{"x":534.0,"y":549.0},{"x":534.0,"y":544.0},{"x":534.0,"y":537.0}]}}} at: [2026-06-18T20:25:17.683164500]
Sent data: {"cursors":{"5590":{"curse":"{\"radius\":10,\"width\":0,\"height\":0,\"color\":-65536,\"style\":0,\"ID\":5590,\"id\":5590}","points":[{"x":534.0,"y":529.0},{"x":534.0,"y":522.0},{"x":534.0,"y":517.0},{"x":534.0,"y":511.0},{"x":534.0,"y":502.0},{"x":535.0,"y":497.0},{"x":536.0,"y":492.0},{"x":537.0,"y":487.0},{"x":539.0,"y":478.0},{"x":541.0,"y":472.0}]}}} at: [2026-06-18T20:25:17.792164400]
Sent data: {"cursors":{"5590":{"curse":"{\"radius\":10,\"width\":0,\"height\":0,\"color\":-65536,\"style\":0,\"ID\":5590,\"id\":5590}","points":[{"x":543.0,"y":467.0},{"x":545.0,"y":462.0},{"x":547.0,"y":458.0},{"x":550.0,"y":453.0},{"x":553.0,"y":450.0},{"x":554.0,"y":449.0},{"x":557.0,"y":446.0},{"x":559.0,"y":445.0},{"x":561.0,"y":444.0},{"x":562.0,"y":443.0}]}}} at: [2026-06-18T20:25:17.901164300]
Sent data: {"cursors":{"5590":{"curse":"{\"radius\":10,\"width\":0,\"height\":0,\"color\":-65536,\"style\":0,\"ID\":5590,\"id\":5590}","points":[{"x":564.0,"y":443.0},{"x":566.0,"y":442.0},{"x":569.0,"y":442.0},{"x":570.0,"y":441.0},{"x":572.0,"y":441.0},{"x":575.0,"y":440.0},{"x":577.0,"y":440.0},{"x":579.0,"y":440.0},{"x":581.0,"y":440.0},{"x":583.0,"y":440.0}]}}} at: [2026-06-18T20:25:18.007165400]
Sent data: {"cursors":{"5590":{"curse":"{\"radius\":10,\"width\":0,\"height\":0,\"color\":-65536,\"style\":0,\"ID\":5590,\"id\":5590}","points":[{"x":584.0,"y":440.0},{"x":584.0,"y":441.0}]}}} at: [2026-06-18T20:25:18.118703700]
Sent data: {"cursors":{"5590":{"curse":"{\"radius\":10,\"width\":0,\"height\":0,\"color\":-65536,\"style\":0,\"ID\":5590,\"id\":5590}","points":[{"x":584.0,"y":442.0},{"x":583.0,"y":446.0},{"x":582.0,"y":451.0},{"x":580.0,"y":457.0},{"x":577.0,"y":463.0},{"x":575.0,"y":471.0},{"x":574.0,"y":477.0},{"x":572.0,"y":490.0},{"x":571.0,"y":498.0},{"x":571.0,"y":503.0}]}}} at: [2026-06-18T20:25:18.225702600]
Sent data: {"cursors":{"5590":{"curse":"{\"radius\":10,\"width\":0,\"height\":0,\"color\":-65536,\"style\":0,\"ID\":5590,\"id\":5590}","points":[{"x":570.0,"y":507.0},{"x":570.0,"y":509.0},{"x":569.0,"y":509.0},{"x":569.0,"y":509.0},{"x":567.0,"y":509.0},{"x":563.0,"y":509.0},{"x":559.0,"y":509.0},{"x":556.0,"y":509.0}]}}} at: [2026-06-18T20:25:18.336700100]
Sent data: {"cursors":{"5590":{"curse":"{\"radius\":10,\"width\":0,\"height\":0,\"color\":-65536,\"style\":0,\"ID\":5590,\"id\":5590}","points":[{"x":553.0,"y":510.0},{"x":551.0,"y":511.0},{"x":549.0,"y":511.0},{"x":546.0,"y":512.0},{"x":543.0,"y":513.0},{"x":540.0,"y":513.0},{"x":538.0,"y":514.0},{"x":535.0,"y":514.0},{"x":533.0,"y":515.0},{"x":530.0,"y":517.0}]}}} at: [2026-06-18T20:25:18.446702800]
Sent data: {"cursors":{"5590":{"curse":"{\"radius\":10,\"width\":0,\"height\":0,\"color\":-65536,\"style\":0,\"ID\":5590,\"id\":5590}","points":[{"x":529.0,"y":519.0},{"x":528.0,"y":519.0},{"x":527.0,"y":521.0},{"x":524.0,"y":522.0},{"x":521.0,"y":523.0},{"x":519.0,"y":525.0},{"x":517.0,"y":526.0},{"x":514.0,"y":527.0},{"x":511.0,"y":529.0},{"x":506.0,"y":533.0}]}}} at: [2026-06-18T20:25:18.555376]
Sent data: {"cursors":{"5590":{"curse":"{\"radius\":10,\"width\":0,\"height\":0,\"color\":-65536,\"style\":0,\"ID\":5590,\"id\":5590}","points":[{"x":503.0,"y":535.0},{"x":501.0,"y":539.0},{"x":498.0,"y":542.0},{"x":496.0,"y":543.0},{"x":494.0,"y":546.0},{"x":490.0,"y":548.0},{"x":487.0,"y":550.0},{"x":484.0,"y":552.0},{"x":481.0,"y":554.0}]}}} at: [2026-06-18T20:25:18.664371400]
Sent data: {"cursors":{"5590":{"curse":"{\"radius\":10,\"width\":0,\"height\":0,\"color\":-65536,\"style\":0,\"ID\":5590,\"id\":5590}","points":[{"x":476.0,"y":556.0},{"x":473.0,"y":558.0},{"x":469.0,"y":561.0},{"x":466.0,"y":563.0},{"x":463.0,"y":564.0},{"x":460.0,"y":565.0},{"x":457.0,"y":566.0},{"x":455.0,"y":566.0},{"x":453.0,"y":567.0},{"x":449.0,"y":567.0}]}}} at: [2026-06-18T20:25:18.772378400]
Sent data: {"cursors":{"5590":{"curse":"{\"radius\":10,\"width\":0,\"height\":0,\"color\":-65536,\"style\":0,\"ID\":5590,\"id\":5590}","points":[{"x":444.0,"y":567.0},{"x":441.0,"y":566.0},{"x":438.0,"y":565.0},{"x":433.0,"y":563.0},{"x":429.0,"y":561.0},{"x":425.0,"y":558.0},{"x":422.0,"y":555.0},{"x":418.0,"y":553.0},{"x":413.0,"y":547.0},{"x":408.0,"y":543.0}]}}} at: [2026-06-18T20:25:18.879370300]
Sent data: {"cursors":{"5590":{"curse":"{\"radius\":10,\"width\":0,\"height\":0,\"color\":-65536,\"style\":0,\"ID\":5590,\"id\":5590}","points":[{"x":403.0,"y":539.0},{"x":400.0,"y":535.0},{"x":395.0,"y":529.0},{"x":392.0,"y":526.0},{"x":389.0,"y":522.0},{"x":386.0,"y":518.0},{"x":383.0,"y":514.0},{"x":381.0,"y":511.0},{"x":378.0,"y":509.0},{"x":375.0,"y":505.0}]}}} at: [2026-06-18T20:25:18.988085200]
Sent data: {"cursors":{"5590":{"curse":"{\"radius\":10,\"width\":0,\"height\":0,\"color\":-65536,\"style\":0,\"ID\":5590,\"id\":5590}","points":[{"x":372.0,"y":499.0},{"x":368.0,"y":494.0},{"x":365.0,"y":489.0},{"x":361.0,"y":483.0},{"x":357.0,"y":478.0},{"x":351.0,"y":469.0},{"x":347.0,"y":462.0},{"x":343.0,"y":457.0},{"x":339.0,"y":451.0},{"x":334.0,"y":443.0}]}}} at: [2026-06-18T20:25:19.097344500]
Sent data: {"cursors":{"5590":{"curse":"{\"radius\":10,\"width\":0,\"height\":0,\"color\":-65536,\"style\":0,\"ID\":5590,\"id\":5590}","points":[{"x":330.0,"y":438.0},{"x":326.0,"y":433.0},{"x":323.0,"y":428.0},{"x":318.0,"y":422.0},{"x":314.0,"y":416.0},{"x":311.0,"y":411.0},{"x":307.0,"y":406.0},{"x":304.0,"y":402.0},{"x":301.0,"y":397.0},{"x":299.0,"y":394.0}]}}} at: [2026-06-18T20:25:19.207346700]
Sent data: {"cursors":{"5590":{"curse":"{\"radius\":10,\"width\":0,\"height\":0,\"color\":-65536,\"style\":0,\"ID\":5590,\"id\":5590}","points":[{"x":297.0,"y":391.0},{"x":295.0,"y":389.0},{"x":292.0,"y":385.0},{"x":289.0,"y":382.0},{"x":287.0,"y":378.0},{"x":283.0,"y":374.0},{"x":279.0,"y":366.0},{"x":276.0,"y":360.0},{"x":273.0,"y":353.0},{"x":269.0,"y":345.0}]}}} at: [2026-06-18T20:25:19.317342800]
Sent data: {"cursors":{"5590":{"curse":"{\"radius\":10,\"width\":0,\"height\":0,\"color\":-65536,\"style\":0,\"ID\":5590,\"id\":5590}","points":[{"x":265.0,"y":331.0},{"x":262.0,"y":320.0},{"x":259.0,"y":310.0},{"x":257.0,"y":301.0},{"x":255.0,"y":290.0},{"x":251.0,"y":276.0},{"x":249.0,"y":265.0},{"x":246.0,"y":252.0},{"x":243.0,"y":241.0},{"x":241.0,"y":227.0},{"x":239.0,"y":217.0}]}}} at: [2026-06-18T20:25:19.424343500]
Sent data: {"cursors":{"5590":{"curse":"{\"radius\":10,\"width\":0,\"height\":0,\"color\":-65536,\"style\":0,\"ID\":5590,\"id\":5590}","points":[{"x":238.0,"y":207.0},{"x":237.0,"y":199.0},{"x":236.0,"y":190.0},{"x":235.0,"y":185.0},{"x":235.0,"y":178.0},{"x":234.0,"y":172.0},{"x":234.0,"y":167.0},{"x":234.0,"y":157.0},{"x":234.0,"y":149.0},{"x":233.0,"y":142.0}]}}} at: [2026-06-18T20:25:19.530995700]
Sent data: {"cursors":{"5590":{"curse":"{\"radius\":10,\"width\":0,\"height\":0,\"color\":-65536,\"style\":0,\"ID\":5590,\"id\":5590}","points":[{"x":233.0,"y":133.0},{"x":233.0,"y":121.0},{"x":233.0,"y":114.0},{"x":232.0,"y":107.0},{"x":231.0,"y":99.0},{"x":230.0,"y":93.0},{"x":229.0,"y":85.0},{"x":227.0,"y":79.0},{"x":226.0,"y":75.0},{"x":225.0,"y":71.0}]}}} at: [2026-06-18T20:25:19.641002700]
Sent data: {"cursors":{"5590":{"curse":"{\"radius\":10,\"width\":0,\"height\":0,\"color\":-65536,\"style\":0,\"ID\":5590,\"id\":5590}","points":[{"x":221.0,"y":65.0},{"x":219.0,"y":61.0},{"x":218.0,"y":59.0},{"x":216.0,"y":58.0},{"x":214.0,"y":58.0},{"x":212.0,"y":57.0},{"x":210.0,"y":57.0},{"x":209.0,"y":57.0},{"x":206.0,"y":57.0},{"x":203.0,"y":57.0}]}}} at: [2026-06-18T20:25:19.750000200]
Sent data: {"cursors":{"5590":{"curse":"{\"radius\":10,\"width\":0,\"height\":0,\"color\":-65536,\"style\":0,\"ID\":5590,\"id\":5590}","points":[{"x":201.0,"y":57.0},{"x":198.0,"y":57.0},{"x":195.0,"y":58.0},{"x":191.0,"y":59.0},{"x":187.0,"y":60.0},{"x":183.0,"y":62.0},{"x":180.0,"y":63.0},{"x":175.0,"y":66.0},{"x":173.0,"y":69.0},{"x":169.0,"y":71.0},{"x":166.0,"y":74.0}]}}} at: [2026-06-18T20:25:19.857998900]
Sent data: {"cursors":{"5590":{"curse":"{\"radius\":10,\"width\":0,\"height\":0,\"color\":-65536,\"style\":0,\"ID\":5590,\"id\":5590}","points":[{"x":164.0,"y":76.0},{"x":160.0,"y":79.0},{"x":157.0,"y":82.0},{"x":155.0,"y":85.0},{"x":153.0,"y":87.0},{"x":149.0,"y":92.0},{"x":147.0,"y":95.0},{"x":145.0,"y":99.0},{"x":143.0,"y":103.0},{"x":142.0,"y":106.0}]}}} at: [2026-06-18T20:25:19.966731100]
Sent data: {"cursors":{"5590":{"curse":"{\"radius\":10,\"width\":0,\"height\":0,\"color\":-65536,\"style\":0,\"ID\":5590,\"id\":5590}","points":[{"x":140.0,"y":113.0},{"x":139.0,"y":116.0},{"x":138.0,"y":119.0},{"x":136.0,"y":126.0},{"x":134.0,"y":132.0},{"x":133.0,"y":137.0},{"x":132.0,"y":142.0},{"x":131.0,"y":147.0},{"x":131.0,"y":151.0},{"x":130.0,"y":159.0}]}}} at: [2026-06-18T20:25:20.076268200]
Sent data: {"cursors":{"5590":{"curse":"{\"radius\":10,\"width\":0,\"height\":0,\"color\":-65536,\"style\":0,\"ID\":5590,\"id\":5590}","points":[{"x":129.0,"y":166.0},{"x":129.0,"y":171.0},{"x":129.0,"y":177.0},{"x":129.0,"y":185.0},{"x":129.0,"y":190.0},{"x":128.0,"y":194.0},{"x":128.0,"y":198.0},{"x":127.0,"y":202.0},{"x":127.0,"y":206.0},{"x":127.0,"y":210.0},{"x":127.0,"y":214.0}]}}} at: [2026-06-18T20:25:20.186266800]
Sent data: {"cursors":{"5590":{"curse":"{\"radius\":10,\"width\":0,\"height\":0,\"color\":-65536,\"style\":0,\"ID\":5590,\"id\":5590}","points":[{"x":127.0,"y":219.0},{"x":127.0,"y":226.0},{"x":127.0,"y":231.0},{"x":127.0,"y":237.0},{"x":126.0,"y":242.0},{"x":126.0,"y":247.0},{"x":126.0,"y":251.0},{"x":126.0,"y":254.0},{"x":126.0,"y":258.0},{"x":125.0,"y":261.0}]}}} at: [2026-06-18T20:25:20.295268400]
Sent data: {"cursors":{"5590":{"curse":"{\"radius\":10,\"width\":0,\"height\":0,\"color\":-65536,\"style\":0,\"ID\":5590,\"id\":5590}","points":[{"x":125.0,"y":268.0},{"x":124.0,"y":274.0},{"x":124.0,"y":281.0},{"x":124.0,"y":289.0},{"x":123.0,"y":299.0},{"x":123.0,"y":308.0},{"x":123.0,"y":314.0},{"x":123.0,"y":322.0},{"x":122.0,"y":333.0},{"x":122.0,"y":339.0}]}}} at: [2026-06-18T20:25:20.406265900]
Sent data: {"cursors":{"5590":{"curse":"{\"radius\":10,\"width\":0,\"height\":0,\"color\":-65536,\"style\":0,\"ID\":5590,\"id\":5590}","points":[{"x":122.0,"y":345.0},{"x":122.0,"y":351.0},{"x":122.0,"y":358.0},{"x":122.0,"y":367.0},{"x":122.0,"y":375.0},{"x":122.0,"y":381.0},{"x":122.0,"y":386.0},{"x":122.0,"y":392.0},{"x":121.0,"y":397.0},{"x":120.0,"y":400.0}]}}} at: [2026-06-18T20:25:20.514476200]
Sent data: {"cursors":{"5590":{"curse":"{\"radius\":10,\"width\":0,\"height\":0,\"color\":-65536,\"style\":0,\"ID\":5590,\"id\":5590}","points":[{"x":119.0,"y":403.0},{"x":119.0,"y":407.0},{"x":118.0,"y":410.0},{"x":118.0,"y":413.0},{"x":117.0,"y":417.0},{"x":117.0,"y":421.0},{"x":115.0,"y":426.0},{"x":114.0,"y":430.0},{"x":113.0,"y":434.0},{"x":113.0,"y":438.0}]}}} at: [2026-06-18T20:25:20.622760500]
Sent data: {"cursors":{"5590":{"curse":"{\"radius\":10,\"width\":0,\"height\":0,\"color\":-65536,\"style\":0,\"ID\":5590,\"id\":5590}","points":[{"x":111.0,"y":444.0},{"x":109.0,"y":447.0},{"x":108.0,"y":451.0},{"x":106.0,"y":455.0},{"x":103.0,"y":461.0},{"x":101.0,"y":465.0},{"x":98.0,"y":468.0},{"x":96.0,"y":471.0},{"x":93.0,"y":477.0},{"x":90.0,"y":483.0}]}}} at: [2026-06-18T20:25:20.731759600]
Sent data: {"cursors":{"5590":{"curse":"{\"radius\":10,\"width\":0,\"height\":0,\"color\":-65536,\"style\":0,\"ID\":5590,\"id\":5590}","points":[{"x":87.0,"y":488.0},{"x":85.0,"y":493.0},{"x":83.0,"y":498.0},{"x":79.0,"y":506.0},{"x":77.0,"y":512.0},{"x":75.0,"y":517.0},{"x":73.0,"y":523.0},{"x":71.0,"y":530.0},{"x":70.0,"y":536.0},{"x":69.0,"y":542.0},{"x":68.0,"y":547.0}]}}} at: [2026-06-18T20:25:20.840759100]
Sent data: {"cursors":{"5590":{"curse":"{\"radius\":10,\"width\":0,\"height\":0,\"color\":-65536,\"style\":0,\"ID\":5590,\"id\":5590}","points":[{"x":67.0,"y":552.0},{"x":66.0,"y":562.0},{"x":66.0,"y":567.0},{"x":66.0,"y":574.0},{"x":66.0,"y":581.0},{"x":67.0,"y":591.0},{"x":69.0,"y":598.0},{"x":71.0,"y":605.0},{"x":74.0,"y":614.0},{"x":76.0,"y":619.0}]}}} at: [2026-06-18T20:25:20.948758800]
Sent data: {"cursors":{"5590":{"curse":"{\"radius\":10,\"width\":0,\"height\":0,\"color\":-65536,\"style\":0,\"ID\":5590,\"id\":5590}","points":[{"x":79.0,"y":627.0},{"x":83.0,"y":636.0},{"x":86.0,"y":643.0},{"x":89.0,"y":649.0},{"x":94.0,"y":657.0},{"x":98.0,"y":662.0},{"x":101.0,"y":667.0},{"x":105.0,"y":671.0},{"x":111.0,"y":678.0},{"x":115.0,"y":681.0}]}}} at: [2026-06-18T20:25:21.059294300]
Sent data: {"cursors":{"5590":{"curse":"{\"radius\":10,\"width\":0,\"height\":0,\"color\":-65536,\"style\":0,\"ID\":5590,\"id\":5590}","points":[{"x":119.0,"y":685.0},{"x":123.0,"y":687.0},{"x":127.0,"y":689.0},{"x":133.0,"y":692.0},{"x":139.0,"y":694.0},{"x":144.0,"y":695.0},{"x":151.0,"y":697.0},{"x":159.0,"y":698.0},{"x":167.0,"y":701.0},{"x":177.0,"y":703.0}]}}} at: [2026-06-18T20:25:21.169294200]
Sent data: {"cursors":{"5590":{"curse":"{\"radius\":10,\"width\":0,\"height\":0,\"color\":-65536,\"style\":0,\"ID\":5590,\"id\":5590}","points":[{"x":185.0,"y":705.0},{"x":194.0,"y":707.0},{"x":206.0,"y":709.0},{"x":214.0,"y":709.0},{"x":221.0,"y":709.0},{"x":226.0,"y":709.0},{"x":234.0,"y":709.0},{"x":240.0,"y":709.0},{"x":245.0,"y":710.0},{"x":252.0,"y":710.0}]}}} at: [2026-06-18T20:25:21.278294800]
Sent data: {"cursors":{"5590":{"curse":"{\"radius\":10,\"width\":0,\"height\":0,\"color\":-65536,\"style\":0,\"ID\":5590,\"id\":5590}","points":[{"x":261.0,"y":711.0},{"x":267.0,"y":711.0},{"x":274.0,"y":711.0},{"x":279.0,"y":711.0},{"x":286.0,"y":709.0},{"x":295.0,"y":707.0},{"x":300.0,"y":705.0},{"x":306.0,"y":703.0},{"x":311.0,"y":701.0},{"x":320.0,"y":698.0}]}}} at: [2026-06-18T20:25:21.387296100]
Sent data: {"cursors":{"5590":{"curse":"{\"radius\":10,\"width\":0,\"height\":0,\"color\":-65536,\"style\":0,\"ID\":5590,\"id\":5590}","points":[{"x":326.0,"y":697.0},{"x":332.0,"y":695.0},{"x":338.0,"y":694.0},{"x":346.0,"y":693.0},{"x":351.0,"y":691.0},{"x":355.0,"y":691.0},{"x":359.0,"y":690.0},{"x":363.0,"y":689.0},{"x":369.0,"y":687.0},{"x":375.0,"y":686.0},{"x":381.0,"y":684.0}]}}} at: [2026-06-18T20:25:21.496295100]
Sent data: {"cursors":{"5590":{"curse":"{\"radius\":10,\"width\":0,\"height\":0,\"color\":-65536,\"style\":0,\"ID\":5590,\"id\":5590}","points":[{"x":386.0,"y":682.0},{"x":394.0,"y":680.0},{"x":400.0,"y":678.0},{"x":405.0,"y":677.0},{"x":409.0,"y":675.0},{"x":414.0,"y":673.0},{"x":419.0,"y":671.0},{"x":424.0,"y":670.0},{"x":429.0,"y":669.0},{"x":434.0,"y":667.0}]}}} at: [2026-06-18T20:25:21.605914700]
Sent data: {"cursors":{"5590":{"curse":"{\"radius\":10,\"width\":0,\"height\":0,\"color\":-65536,\"style\":0,\"ID\":5590,\"id\":5590}","points":[{"x":439.0,"y":666.0},{"x":443.0,"y":664.0},{"x":447.0,"y":663.0},{"x":450.0,"y":662.0},{"x":454.0,"y":661.0},{"x":458.0,"y":658.0},{"x":461.0,"y":657.0},{"x":463.0,"y":655.0},{"x":465.0,"y":654.0},{"x":467.0,"y":653.0},{"x":470.0,"y":653.0}]}}} at: [2026-06-18T20:25:21.715916200]
Sent data: {"cursors":{"5590":{"curse":"{\"radius\":10,\"width\":0,\"height\":0,\"color\":-65536,\"style\":0,\"ID\":5590,\"id\":5590}","points":[{"x":474.0,"y":653.0},{"x":479.0,"y":653.0},{"x":486.0,"y":653.0},{"x":490.0,"y":654.0},{"x":494.0,"y":655.0},{"x":498.0,"y":656.0},{"x":502.0,"y":658.0},{"x":508.0,"y":660.0},{"x":513.0,"y":661.0},{"x":517.0,"y":662.0}]}}} at: [2026-06-18T20:25:21.823913700]
Sent data: {"cursors":{"5590":{"curse":"{\"radius\":10,\"width\":0,\"height\":0,\"color\":-65536,\"style\":0,\"ID\":5590,\"id\":5590}","points":[{"x":522.0,"y":663.0},{"x":527.0,"y":664.0},{"x":533.0,"y":665.0},{"x":538.0,"y":665.0},{"x":543.0,"y":666.0},{"x":547.0,"y":667.0},{"x":555.0,"y":669.0},{"x":559.0,"y":670.0},{"x":562.0,"y":671.0},{"x":563.0,"y":671.0}]}}} at: [2026-06-18T20:25:21.932577900]
Sent data: {"cursors":{"5590":{"curse":"{\"radius\":10,\"width\":0,\"height\":0,\"color\":-65536,\"style\":0,\"ID\":5590,\"id\":5590}","points":[{"x":565.0,"y":673.0},{"x":566.0,"y":673.0},{"x":567.0,"y":673.0},{"x":569.0,"y":674.0},{"x":572.0,"y":674.0},{"x":574.0,"y":675.0},{"x":575.0,"y":675.0},{"x":577.0,"y":675.0},{"x":579.0,"y":675.0},{"x":582.0,"y":675.0}]}}} at: [2026-06-18T20:25:22.040745300]
Sent data: {"cursors":{"5590":{"curse":"{\"radius\":10,\"width\":0,\"height\":0,\"color\":-65536,\"style\":0,\"ID\":5590,\"id\":5590}","points":[{"x":584.0,"y":676.0},{"x":586.0,"y":676.0},{"x":588.0,"y":676.0},{"x":592.0,"y":676.0},{"x":595.0,"y":676.0},{"x":599.0,"y":676.0},{"x":603.0,"y":675.0},{"x":609.0,"y":675.0},{"x":612.0,"y":674.0},{"x":615.0,"y":674.0},{"x":619.0,"y":673.0}]}}} at: [2026-06-18T20:25:22.147745300]
Sent data: {"cursors":{"5590":{"curse":"{\"radius\":10,\"width\":0,\"height\":0,\"color\":-65536,\"style\":0,\"ID\":5590,\"id\":5590}","points":[{"x":622.0,"y":672.0},{"x":626.0,"y":670.0},{"x":630.0,"y":669.0},{"x":633.0,"y":668.0},{"x":636.0,"y":666.0},{"x":641.0,"y":664.0},{"x":645.0,"y":661.0},{"x":647.0,"y":658.0},{"x":651.0,"y":655.0},{"x":654.0,"y":651.0}]}}} at: [2026-06-18T20:25:22.256242]
Sent data: {"cursors":{"5590":{"curse":"{\"radius\":10,\"width\":0,\"height\":0,\"color\":-65536,\"style\":0,\"ID\":5590,\"id\":5590}","points":[{"x":659.0,"y":646.0},{"x":661.0,"y":643.0},{"x":665.0,"y":639.0},{"x":667.0,"y":635.0},{"x":671.0,"y":630.0},{"x":674.0,"y":625.0},{"x":677.0,"y":621.0},{"x":679.0,"y":617.0},{"x":681.0,"y":612.0},{"x":685.0,"y":605.0}]}}} at: [2026-06-18T20:25:22.366896100]
Sent data: {"cursors":{"5590":{"curse":"{\"radius\":10,\"width\":0,\"height\":0,\"color\":-65536,\"style\":0,\"ID\":5590,\"id\":5590}","points":[{"x":689.0,"y":597.0},{"x":691.0,"y":593.0},{"x":693.0,"y":586.0},{"x":697.0,"y":578.0},{"x":699.0,"y":571.0},{"x":702.0,"y":566.0},{"x":703.0,"y":562.0},{"x":706.0,"y":558.0},{"x":708.0,"y":551.0},{"x":710.0,"y":546.0},{"x":711.0,"y":542.0}]}}} at: [2026-06-18T20:25:22.475627900]
Sent data: {"cursors":{"5590":{"curse":"{\"radius\":10,\"width\":0,\"height\":0,\"color\":-65536,\"style\":0,\"ID\":5590,\"id\":5590}","points":[{"x":711.0,"y":538.0},{"x":713.0,"y":533.0},{"x":714.0,"y":528.0},{"x":714.0,"y":525.0},{"x":715.0,"y":521.0},{"x":716.0,"y":517.0},{"x":718.0,"y":509.0},{"x":719.0,"y":503.0},{"x":719.0,"y":497.0},{"x":720.0,"y":491.0}]}}} at: [2026-06-18T20:25:22.583320600]
Sent data: {"cursors":{"5590":{"curse":"{\"radius\":10,\"width\":0,\"height\":0,\"color\":-65536,\"style\":0,\"ID\":5590,\"id\":5590}","points":[{"x":721.0,"y":483.0},{"x":721.0,"y":477.0},{"x":721.0,"y":471.0},{"x":721.0,"y":465.0},{"x":721.0,"y":456.0},{"x":721.0,"y":448.0},{"x":721.0,"y":442.0},{"x":719.0,"y":437.0},{"x":719.0,"y":432.0},{"x":718.0,"y":425.0}]}}} at: [2026-06-18T20:25:22.693322]
Sent data: {"cursors":{"5590":{"curse":"{\"radius\":10,\"width\":0,\"height\":0,\"color\":-65536,\"style\":0,\"ID\":5590,\"id\":5590}","points":[{"x":717.0,"y":418.0},{"x":717.0,"y":413.0},{"x":715.0,"y":408.0},{"x":714.0,"y":401.0},{"x":713.0,"y":395.0},{"x":713.0,"y":390.0},{"x":712.0,"y":386.0},{"x":711.0,"y":380.0},{"x":710.0,"y":376.0},{"x":709.0,"y":372.0}]}}} at: [2026-06-18T20:25:22.803318300]
Sent data: {"cursors":{"5590":{"curse":"{\"radius\":10,\"width\":0,\"height\":0,\"color\":-65536,\"style\":0,\"ID\":5590,\"id\":5590}","points":[{"x":708.0,"y":367.0},{"x":706.0,"y":360.0},{"x":703.0,"y":354.0},{"x":702.0,"y":347.0},{"x":699.0,"y":341.0},{"x":698.0,"y":335.0},{"x":698.0,"y":326.0},{"x":697.0,"y":321.0},{"x":695.0,"y":318.0},{"x":694.0,"y":313.0}]}}} at: [2026-06-18T20:25:22.913319700]
Sent data: {"cursors":{"5590":{"curse":"{\"radius\":10,\"width\":0,\"height\":0,\"color\":-65536,\"style\":0,\"ID\":5590,\"id\":5590}","points":[{"x":691.0,"y":308.0},{"x":689.0,"y":304.0},{"x":687.0,"y":300.0},{"x":685.0,"y":296.0},{"x":681.0,"y":289.0},{"x":679.0,"y":283.0},{"x":678.0,"y":279.0},{"x":677.0,"y":275.0},{"x":675.0,"y":271.0},{"x":673.0,"y":266.0}]}}} at: [2026-06-18T20:25:23.020323700]
Sent data: {"cursors":{"5590":{"curse":"{\"radius\":10,\"width\":0,\"height\":0,\"color\":-65536,\"style\":0,\"ID\":5590,\"id\":5590}","points":[{"x":671.0,"y":263.0},{"x":669.0,"y":260.0},{"x":667.0,"y":257.0},{"x":663.0,"y":252.0},{"x":661.0,"y":249.0},{"x":658.0,"y":245.0},{"x":655.0,"y":241.0},{"x":654.0,"y":239.0},{"x":652.0,"y":237.0},{"x":651.0,"y":236.0},{"x":650.0,"y":235.0}]}}} at: [2026-06-18T20:25:23.131386300]
Sent data: {"cursors":{"5590":{"curse":"{\"radius\":10,\"width\":0,\"height\":0,\"color\":-65536,\"style\":0,\"ID\":5590,\"id\":5590}","points":[{"x":649.0,"y":234.0},{"x":646.0,"y":233.0},{"x":644.0,"y":231.0},{"x":642.0,"y":230.0},{"x":639.0,"y":228.0},{"x":637.0,"y":226.0},{"x":633.0,"y":222.0},{"x":631.0,"y":221.0},{"x":630.0,"y":219.0},{"x":627.0,"y":217.0}]}}} at: [2026-06-18T20:25:23.239386400]
Sent data: {"cursors":{"5590":{"curse":"{\"radius\":10,\"width\":0,\"height\":0,\"color\":-65536,\"style\":0,\"ID\":5590,\"id\":5590}","points":[{"x":625.0,"y":215.0},{"x":623.0,"y":214.0},{"x":622.0,"y":213.0},{"x":619.0,"y":211.0},{"x":617.0,"y":210.0},{"x":614.0,"y":209.0},{"x":611.0,"y":207.0},{"x":607.0,"y":205.0},{"x":604.0,"y":203.0},{"x":599.0,"y":202.0}]}}} at: [2026-06-18T20:25:23.347389700]
Sent data: {"cursors":{"5590":{"curse":"{\"radius\":10,\"width\":0,\"height\":0,\"color\":-65536,\"style\":0,\"ID\":5590,\"id\":5590}","points":[{"x":590.0,"y":201.0},{"x":587.0,"y":201.0},{"x":583.0,"y":201.0},{"x":580.0,"y":201.0},{"x":578.0,"y":201.0},{"x":576.0,"y":202.0},{"x":573.0,"y":204.0},{"x":570.0,"y":206.0},{"x":569.0,"y":208.0},{"x":567.0,"y":211.0}]}}} at: [2026-06-18T20:25:23.457392800]
Sent data: {"cursors":{"5590":{"curse":"{\"radius\":10,\"width\":0,\"height\":0,\"color\":-65536,\"style\":0,\"ID\":5590,\"id\":5590}","points":[{"x":566.0,"y":213.0},{"x":565.0,"y":216.0},{"x":565.0,"y":219.0},{"x":565.0,"y":222.0},{"x":565.0,"y":227.0},{"x":565.0,"y":235.0},{"x":565.0,"y":243.0},{"x":565.0,"y":251.0},{"x":565.0,"y":261.0}]}}} at: [2026-06-18T20:25:23.562985700]
Sent data: {"cursors":{"5590":{"curse":"{\"radius\":10,\"width\":0,\"height\":0,\"color\":-65536,\"style\":0,\"ID\":5590,\"id\":5590}","points":[{"x":566.0,"y":274.0},{"x":566.0,"y":285.0},{"x":567.0,"y":293.0},{"x":568.0,"y":302.0},{"x":569.0,"y":310.0},{"x":570.0,"y":320.0},{"x":572.0,"y":327.0},{"x":574.0,"y":334.0},{"x":576.0,"y":339.0},{"x":579.0,"y":346.0}]}}} at: [2026-06-18T20:25:23.671991600]
Sent data: {"cursors":{"5590":{"curse":"{\"radius\":10,\"width\":0,\"height\":0,\"color\":-65536,\"style\":0,\"ID\":5590,\"id\":5590}","points":[{"x":581.0,"y":352.0},{"x":583.0,"y":357.0},{"x":585.0,"y":363.0},{"x":589.0,"y":370.0},{"x":591.0,"y":377.0},{"x":593.0,"y":382.0},{"x":595.0,"y":389.0},{"x":598.0,"y":396.0},{"x":600.0,"y":403.0},{"x":602.0,"y":409.0}]}}} at: [2026-06-18T20:25:23.778988200]
Sent data: {"cursors":{"5590":{"curse":"{\"radius\":10,\"width\":0,\"height\":0,\"color\":-65536,\"style\":0,\"ID\":5590,\"id\":5590}","points":[{"x":604.0,"y":414.0},{"x":607.0,"y":422.0},{"x":611.0,"y":431.0},{"x":615.0,"y":439.0},{"x":618.0,"y":446.0},{"x":622.0,"y":453.0},{"x":626.0,"y":462.0},{"x":629.0,"y":469.0},{"x":632.0,"y":474.0},{"x":634.0,"y":478.0}]}}} at: [2026-06-18T20:25:23.885982200]
Sent data: {"cursors":{"5590":{"curse":"{\"radius\":10,\"width\":0,\"height\":0,\"color\":-65536,\"style\":0,\"ID\":5590,\"id\":5590}","points":[{"x":638.0,"y":485.0},{"x":641.0,"y":488.0},{"x":643.0,"y":491.0},{"x":645.0,"y":494.0},{"x":647.0,"y":496.0},{"x":650.0,"y":499.0},{"x":653.0,"y":500.0},{"x":654.0,"y":501.0},{"x":654.0,"y":502.0},{"x":655.0,"y":503.0}]}}} at: [2026-06-18T20:25:23.996113100]
Sent data: {"cursors":{"5590":{"curse":"{\"radius\":10,\"width\":0,\"height\":0,\"color\":-65536,\"style\":0,\"ID\":5590,\"id\":5590}","points":[{"x":657.0,"y":504.0},{"x":658.0,"y":505.0},{"x":658.0,"y":506.0},{"x":659.0,"y":507.0},{"x":659.0,"y":507.0},{"x":661.0,"y":508.0},{"x":662.0,"y":509.0},{"x":663.0,"y":511.0},{"x":665.0,"y":514.0},{"x":667.0,"y":516.0},{"x":667.0,"y":518.0},{"x":669.0,"y":520.0}]}}} at: [2026-06-18T20:25:24.106518800]
Sent data: {"cursors":{"5590":{"curse":"{\"radius\":10,\"width\":0,\"height\":0,\"color\":-65536,\"style\":0,\"ID\":5590,\"id\":5590}","points":[{"x":669.0,"y":522.0},{"x":671.0,"y":525.0},{"x":672.0,"y":527.0},{"x":673.0,"y":529.0},{"x":674.0,"y":531.0},{"x":675.0,"y":534.0},{"x":675.0,"y":537.0},{"x":676.0,"y":539.0},{"x":676.0,"y":542.0},{"x":677.0,"y":545.0}]}}} at: [2026-06-18T20:25:24.216518]
Sent data: {"cursors":{"5590":{"curse":"{\"radius\":10,\"width\":0,\"height\":0,\"color\":-65536,\"style\":0,\"ID\":5590,\"id\":5590}","points":[{"x":677.0,"y":550.0},{"x":678.0,"y":554.0},{"x":678.0,"y":558.0},{"x":679.0,"y":562.0},{"x":680.0,"y":568.0},{"x":681.0,"y":574.0},{"x":681.0,"y":579.0},{"x":681.0,"y":585.0},{"x":681.0,"y":590.0},{"x":681.0,"y":595.0}]}}} at: [2026-06-18T20:25:24.324515400]
Sent data: {"cursors":{"5590":{"curse":"{\"radius\":10,\"width\":0,\"height\":0,\"color\":-65536,\"style\":0,\"ID\":5590,\"id\":5590}","points":[{"x":680.0,"y":599.0},{"x":679.0,"y":603.0},{"x":678.0,"y":606.0},{"x":677.0,"y":611.0},{"x":675.0,"y":615.0},{"x":674.0,"y":618.0},{"x":672.0,"y":621.0},{"x":671.0,"y":623.0},{"x":667.0,"y":626.0},{"x":665.0,"y":629.0},{"x":661.0,"y":631.0}]}}} at: [2026-06-18T20:25:24.434518600]
Sent data: {"cursors":{"5590":{"curse":"{\"radius\":10,\"width\":0,\"height\":0,\"color\":-65536,\"style\":0,\"ID\":5590,\"id\":5590}","points":[{"x":657.0,"y":634.0},{"x":651.0,"y":637.0},{"x":647.0,"y":640.0},{"x":643.0,"y":642.0},{"x":639.0,"y":645.0},{"x":636.0,"y":647.0},{"x":631.0,"y":651.0},{"x":629.0,"y":653.0},{"x":626.0,"y":655.0},{"x":623.0,"y":658.0}]}}} at: [2026-06-18T20:25:24.544517400]
Sent data: {"cursors":{"5590":{"curse":"{\"radius\":10,\"width\":0,\"height\":0,\"color\":-65536,\"style\":0,\"ID\":5590,\"id\":5590}","points":[{"x":619.0,"y":661.0},{"x":616.0,"y":663.0},{"x":613.0,"y":666.0},{"x":609.0,"y":669.0},{"x":606.0,"y":671.0},{"x":603.0,"y":674.0},{"x":600.0,"y":677.0},{"x":598.0,"y":679.0},{"x":596.0,"y":682.0},{"x":593.0,"y":685.0}]}}} at: [2026-06-18T20:25:24.651148500]
Sent data: {"cursors":{"5590":{"curse":"{\"radius\":10,\"width\":0,\"height\":0,\"color\":-65536,\"style\":0,\"ID\":5590,\"id\":5590}","points":[{"x":591.0,"y":687.0},{"x":590.0,"y":689.0},{"x":588.0,"y":690.0},{"x":586.0,"y":693.0},{"x":584.0,"y":694.0},{"x":583.0,"y":696.0},{"x":581.0,"y":698.0},{"x":580.0,"y":701.0},{"x":578.0,"y":705.0},{"x":576.0,"y":707.0},{"x":575.0,"y":709.0}]}}} at: [2026-06-18T20:25:24.760146100]
Sent data: {"cursors":{"5590":{"curse":"{\"radius\":10,\"width\":0,\"height\":0,\"color\":-65536,\"style\":0,\"ID\":5590,\"id\":5590}","points":[{"x":573.0,"y":711.0},{"x":571.0,"y":715.0},{"x":569.0,"y":718.0},{"x":568.0,"y":720.0},{"x":567.0,"y":722.0},{"x":566.0,"y":724.0},{"x":564.0,"y":726.0},{"x":563.0,"y":728.0},{"x":562.0,"y":729.0},{"x":561.0,"y":730.0}]}}} at: [2026-06-18T20:25:24.869148200]
Sent data: {"cursors":{"5590":{"curse":"{\"radius\":10,\"width\":0,\"height\":0,\"color\":-65536,\"style\":0,\"ID\":5590,\"id\":5590}","points":[{"x":559.0,"y":731.0},{"x":558.0,"y":731.0},{"x":555.0,"y":731.0},{"x":553.0,"y":732.0},{"x":551.0,"y":733.0},{"x":549.0,"y":733.0},{"x":548.0,"y":733.0},{"x":547.0,"y":733.0},{"x":545.0,"y":733.0},{"x":543.0,"y":733.0},{"x":539.0,"y":733.0}]}}} at: [2026-06-18T20:25:24.978753500]
Sent data: {"cursors":{"5590":{"curse":"{\"radius\":10,\"width\":0,\"height\":0,\"color\":-65536,\"style\":0,\"ID\":5590,\"id\":5590}","points":[{"x":538.0,"y":731.0},{"x":534.0,"y":729.0},{"x":530.0,"y":727.0},{"x":525.0,"y":722.0},{"x":520.0,"y":718.0},{"x":516.0,"y":714.0},{"x":513.0,"y":710.0},{"x":507.0,"y":701.0},{"x":502.0,"y":693.0},{"x":499.0,"y":687.0}]}}} at: [2026-06-18T20:25:25.089280800]
Sent data: {"cursors":{"5590":{"curse":"{\"radius\":10,\"width\":0,\"height\":0,\"color\":-65536,\"style\":0,\"ID\":5590,\"id\":5590}","points":[{"x":495.0,"y":679.0},{"x":493.0,"y":673.0},{"x":490.0,"y":668.0},{"x":488.0,"y":665.0},{"x":486.0,"y":663.0},{"x":483.0,"y":658.0},{"x":481.0,"y":654.0},{"x":479.0,"y":650.0}]}}} at: [2026-06-18T20:25:25.198346400]
Sent data: {"cursors":{"5590":{"curse":"{\"radius\":10,\"width\":0,\"height\":0,\"color\":-65536,\"style\":0,\"ID\":5590,\"id\":5590}","points":[{"x":476.0,"y":644.0},{"x":474.0,"y":639.0},{"x":473.0,"y":634.0},{"x":471.0,"y":630.0},{"x":470.0,"y":626.0},{"x":468.0,"y":622.0},{"x":467.0,"y":619.0},{"x":466.0,"y":617.0},{"x":464.0,"y":614.0},{"x":462.0,"y":608.0},{"x":459.0,"y":603.0}]}}} at: [2026-06-18T20:25:25.307282200]
Sent data: {"cursors":{"5590":{"curse":"{\"radius\":10,\"width\":0,\"height\":0,\"color\":-65536,\"style\":0,\"ID\":5590,\"id\":5590}","points":[{"x":457.0,"y":598.0},{"x":456.0,"y":593.0},{"x":454.0,"y":588.0},{"x":452.0,"y":582.0},{"x":451.0,"y":578.0},{"x":450.0,"y":574.0},{"x":449.0,"y":571.0},{"x":447.0,"y":566.0},{"x":445.0,"y":562.0},{"x":443.0,"y":558.0}]}}} at: [2026-06-18T20:25:25.415279500]
Sent data: {"cursors":{"5590":{"curse":"{\"radius\":10,\"width\":0,\"height\":0,\"color\":-65536,\"style\":0,\"ID\":5590,\"id\":5590}","points":[{"x":441.0,"y":553.0},{"x":438.0,"y":546.0},{"x":436.0,"y":539.0},{"x":433.0,"y":534.0},{"x":431.0,"y":529.0},{"x":430.0,"y":526.0},{"x":427.0,"y":521.0},{"x":425.0,"y":517.0},{"x":422.0,"y":513.0},{"x":419.0,"y":509.0}]}}} at: [2026-06-18T20:25:25.522282300]
Sent data: {"cursors":{"5590":{"curse":"{\"radius\":10,\"width\":0,\"height\":0,\"color\":-65536,\"style\":0,\"ID\":5590,\"id\":5590}","points":[{"x":414.0,"y":502.0},{"x":410.0,"y":497.0},{"x":406.0,"y":491.0},{"x":402.0,"y":486.0},{"x":397.0,"y":481.0},{"x":391.0,"y":474.0},{"x":386.0,"y":469.0},{"x":383.0,"y":466.0},{"x":379.0,"y":463.0},{"x":374.0,"y":459.0}]}}} at: [2026-06-18T20:25:25.633906300]
Sent data: {"cursors":{"5590":{"curse":"{\"radius\":10,\"width\":0,\"height\":0,\"color\":-65536,\"style\":0,\"ID\":5590,\"id\":5590}","points":[{"x":370.0,"y":456.0},{"x":366.0,"y":454.0},{"x":359.0,"y":450.0},{"x":352.0,"y":446.0},{"x":346.0,"y":442.0},{"x":342.0,"y":439.0},{"x":337.0,"y":437.0},{"x":333.0,"y":435.0},{"x":329.0,"y":433.0},{"x":325.0,"y":432.0},{"x":322.0,"y":431.0}]}}} at: [2026-06-18T20:25:25.741906300]
Sent data: {"cursors":{"5590":{"curse":"{\"radius\":10,\"width\":0,\"height\":0,\"color\":-65536,\"style\":0,\"ID\":5590,\"id\":5590}","points":[{"x":318.0,"y":431.0},{"x":313.0,"y":430.0},{"x":308.0,"y":430.0},{"x":305.0,"y":430.0},{"x":301.0,"y":430.0},{"x":297.0,"y":430.0},{"x":291.0,"y":430.0},{"x":288.0,"y":430.0},{"x":285.0,"y":430.0},{"x":281.0,"y":431.0}]}}} at: [2026-06-18T20:25:25.848913400]
Sent data: {"cursors":{"5590":{"curse":"{\"radius\":10,\"width\":0,\"height\":0,\"color\":-65536,\"style\":0,\"ID\":5590,\"id\":5590}","points":[{"x":276.0,"y":433.0},{"x":273.0,"y":435.0},{"x":269.0,"y":437.0},{"x":266.0,"y":438.0},{"x":262.0,"y":440.0},{"x":258.0,"y":442.0},{"x":253.0,"y":443.0},{"x":250.0,"y":445.0},{"x":246.0,"y":447.0},{"x":240.0,"y":449.0}]}}} at: [2026-06-18T20:25:25.957910800]
Sent data: {"cursors":{"5590":{"curse":"{\"radius\":10,\"width\":0,\"height\":0,\"color\":-65536,\"style\":0,\"ID\":5590,\"id\":5590}","points":[{"x":237.0,"y":450.0},{"x":233.0,"y":452.0},{"x":229.0,"y":454.0},{"x":225.0,"y":458.0},{"x":221.0,"y":460.0},{"x":218.0,"y":462.0},{"x":215.0,"y":463.0},{"x":211.0,"y":466.0},{"x":208.0,"y":468.0},{"x":206.0,"y":469.0},{"x":204.0,"y":471.0}]}}} at: [2026-06-18T20:25:26.068240400]
Sent data: {"cursors":{"5590":{"curse":"{\"radius\":10,\"width\":0,\"height\":0,\"color\":-65536,\"style\":0,\"ID\":5590,\"id\":5590}","points":[{"x":202.0,"y":473.0},{"x":198.0,"y":475.0},{"x":197.0,"y":477.0},{"x":194.0,"y":479.0},{"x":193.0,"y":481.0},{"x":190.0,"y":483.0},{"x":189.0,"y":485.0},{"x":187.0,"y":486.0},{"x":186.0,"y":487.0},{"x":185.0,"y":488.0}]}}} at: [2026-06-18T20:25:26.177238]
Sent data: {"cursors":{"5590":{"curse":"{\"radius\":10,\"width\":0,\"height\":0,\"color\":-65536,\"style\":0,\"ID\":5590,\"id\":5590}","points":[{"x":183.0,"y":490.0},{"x":182.0,"y":491.0},{"x":180.0,"y":493.0},{"x":179.0,"y":494.0},{"x":177.0,"y":496.0},{"x":177.0,"y":497.0},{"x":175.0,"y":498.0},{"x":174.0,"y":499.0},{"x":173.0,"y":501.0},{"x":171.0,"y":503.0},{"x":170.0,"y":505.0}]}}} at: [2026-06-18T20:25:26.286236900]
Sent data: {"cursors":{"5590":{"curse":"{\"radius\":10,\"width\":0,\"height\":0,\"color\":-65536,\"style\":0,\"ID\":5590,\"id\":5590}","points":[{"x":169.0,"y":507.0},{"x":168.0,"y":510.0},{"x":167.0,"y":513.0},{"x":166.0,"y":514.0},{"x":165.0,"y":517.0},{"x":165.0,"y":518.0},{"x":165.0,"y":521.0},{"x":164.0,"y":524.0},{"x":164.0,"y":527.0},{"x":163.0,"y":530.0}]}}} at: [2026-06-18T20:25:26.394237200]
Sent data: {"cursors":{"5590":{"curse":"{\"radius\":10,\"width\":0,\"height\":0,\"color\":-65536,\"style\":0,\"ID\":5590,\"id\":5590}","points":[{"x":163.0,"y":533.0},{"x":163.0,"y":538.0},{"x":163.0,"y":542.0},{"x":163.0,"y":546.0},{"x":164.0,"y":550.0},{"x":165.0,"y":556.0},{"x":166.0,"y":562.0},{"x":167.0,"y":566.0},{"x":169.0,"y":570.0},{"x":170.0,"y":573.0}]}}} at: [2026-06-18T20:25:26.502237100]
Sent data: {"cursors":{"5590":{"curse":"{\"radius\":10,\"width\":0,\"height\":0,\"color\":-65536,\"style\":0,\"ID\":5590,\"id\":5590}","points":[{"x":173.0,"y":578.0},{"x":175.0,"y":583.0},{"x":178.0,"y":586.0},{"x":180.0,"y":589.0},{"x":182.0,"y":593.0},{"x":185.0,"y":598.0},{"x":188.0,"y":601.0},{"x":191.0,"y":605.0},{"x":193.0,"y":608.0},{"x":195.0,"y":610.0},{"x":199.0,"y":614.0}]}}} at: [2026-06-18T20:25:26.610883200]
Sent data: {"cursors":{"5590":{"curse":"{\"radius\":10,\"width\":0,\"height\":0,\"color\":-65536,\"style\":0,\"ID\":5590,\"id\":5590}","points":[{"x":201.0,"y":617.0},{"x":203.0,"y":619.0},{"x":206.0,"y":622.0},{"x":209.0,"y":625.0},{"x":211.0,"y":627.0},{"x":213.0,"y":629.0},{"x":215.0,"y":631.0},{"x":217.0,"y":632.0},{"x":218.0,"y":634.0},{"x":220.0,"y":635.0}]}}} at: [2026-06-18T20:25:26.717878300]
Sent data: {"cursors":{"5590":{"curse":"{\"radius\":10,\"width\":0,\"height\":0,\"color\":-65536,\"style\":0,\"ID\":5590,\"id\":5590}","points":[{"x":222.0,"y":636.0},{"x":225.0,"y":637.0},{"x":227.0,"y":638.0},{"x":229.0,"y":639.0},{"x":231.0,"y":640.0},{"x":233.0,"y":641.0},{"x":236.0,"y":642.0},{"x":239.0,"y":643.0},{"x":241.0,"y":643.0},{"x":243.0,"y":645.0},{"x":245.0,"y":646.0}]}}} at: [2026-06-18T20:25:26.829878700]
Sent data: {"cursors":{"5590":{"curse":"{\"radius\":10,\"width\":0,\"height\":0,\"color\":-65536,\"style\":0,\"ID\":5590,\"id\":5590}","points":[{"x":247.0,"y":646.0},{"x":249.0,"y":647.0},{"x":250.0,"y":647.0},{"x":253.0,"y":648.0},{"x":256.0,"y":649.0},{"x":258.0,"y":650.0},{"x":259.0,"y":650.0},{"x":261.0,"y":650.0},{"x":263.0,"y":651.0},{"x":265.0,"y":651.0}]}}} at: [2026-06-18T20:25:26.939877800]
Sent data: {"cursors":{"5590":{"curse":"{\"radius\":10,\"width\":0,\"height\":0,\"color\":-65536,\"style\":0,\"ID\":5590,\"id\":5590}","points":[{"x":266.0,"y":652.0},{"x":268.0,"y":652.0},{"x":269.0,"y":653.0},{"x":271.0,"y":653.0},{"x":273.0,"y":653.0},{"x":275.0,"y":653.0},{"x":276.0,"y":653.0},{"x":278.0,"y":653.0},{"x":280.0,"y":653.0},{"x":281.0,"y":653.0},{"x":282.0,"y":653.0}]}}} at: [2026-06-18T20:25:27.048413800]
Sent data: {"cursors":{"5590":{"curse":"{\"radius\":10,\"width\":0,\"height\":0,\"color\":-65536,\"style\":0,\"ID\":5590,\"id\":5590}","points":[{"x":283.0,"y":653.0},{"x":285.0,"y":653.0},{"x":286.0,"y":652.0},{"x":287.0,"y":651.0},{"x":289.0,"y":651.0},{"x":291.0,"y":650.0},{"x":294.0,"y":649.0},{"x":295.0,"y":647.0},{"x":297.0,"y":646.0},{"x":299.0,"y":645.0}]}}} at: [2026-06-18T20:25:27.157411]
Sent data: {"cursors":{"5590":{"curse":"{\"radius\":10,\"width\":0,\"height\":0,\"color\":-65536,\"style\":0,\"ID\":5590,\"id\":5590}","points":[{"x":301.0,"y":644.0},{"x":302.0,"y":643.0},{"x":303.0,"y":642.0},{"x":305.0,"y":641.0},{"x":306.0,"y":639.0},{"x":307.0,"y":639.0},{"x":308.0,"y":637.0},{"x":310.0,"y":635.0},{"x":311.0,"y":634.0},{"x":313.0,"y":633.0},{"x":314.0,"y":631.0}]}}} at: [2026-06-18T20:25:27.268440700]
Sent data: {"cursors":{"5590":{"curse":"{\"radius\":10,\"width\":0,\"height\":0,\"color\":-65536,\"style\":0,\"ID\":5590,\"id\":5590}","points":[{"x":315.0,"y":630.0},{"x":315.0,"y":630.0},{"x":316.0,"y":629.0},{"x":317.0,"y":627.0},{"x":318.0,"y":626.0},{"x":318.0,"y":625.0},{"x":319.0,"y":624.0},{"x":320.0,"y":622.0},{"x":321.0,"y":619.0},{"x":322.0,"y":617.0}]}}} at: [2026-06-18T20:25:27.377435500]
Sent data: {"cursors":{"5590":{"curse":"{\"radius\":10,\"width\":0,\"height\":0,\"color\":-65536,\"style\":0,\"ID\":5590,\"id\":5590}","points":[{"x":323.0,"y":615.0},{"x":323.0,"y":612.0},{"x":324.0,"y":610.0},{"x":325.0,"y":608.0},{"x":325.0,"y":606.0},{"x":326.0,"y":604.0},{"x":327.0,"y":601.0},{"x":327.0,"y":598.0},{"x":327.0,"y":596.0},{"x":328.0,"y":594.0}]}}} at: [2026-06-18T20:25:27.484435600]
Sent data: {"cursors":{"5590":{"curse":"{\"radius\":10,\"width\":0,\"height\":0,\"color\":-65536,\"style\":0,\"ID\":5590,\"id\":5590}","points":[{"x":328.0,"y":591.0},{"x":329.0,"y":590.0},{"x":329.0,"y":589.0},{"x":329.0,"y":588.0},{"x":329.0,"y":586.0},{"x":329.0,"y":585.0},{"x":329.0,"y":583.0},{"x":329.0,"y":582.0},{"x":329.0,"y":581.0},{"x":329.0,"y":578.0}]}}} at: [2026-06-18T20:25:27.592440900]
Sent data: {"cursors":{"5590":{"curse":"{\"radius\":10,\"width\":0,\"height\":0,\"color\":-65536,\"style\":0,\"ID\":5590,\"id\":5590}","points":[{"x":329.0,"y":577.0},{"x":329.0,"y":575.0},{"x":329.0,"y":575.0},{"x":329.0,"y":573.0},{"x":329.0,"y":572.0},{"x":329.0,"y":571.0},{"x":329.0,"y":570.0},{"x":328.0,"y":567.0},{"x":327.0,"y":565.0},{"x":326.0,"y":562.0},{"x":326.0,"y":559.0}]}}} at: [2026-06-18T20:25:27.702048100]
Sent data: {"cursors":{"5590":{"curse":"{\"radius\":10,\"width\":0,\"height\":0,\"color\":-65536,\"style\":0,\"ID\":5590,\"id\":5590}","points":[{"x":325.0,"y":557.0},{"x":324.0,"y":553.0},{"x":323.0,"y":551.0},{"x":323.0,"y":549.0},{"x":322.0,"y":547.0},{"x":321.0,"y":545.0},{"x":320.0,"y":541.0},{"x":319.0,"y":538.0},{"x":318.0,"y":536.0},{"x":318.0,"y":533.0}]}}} at: [2026-06-18T20:25:27.810051600]
Sent data: {"cursors":{"5590":{"curse":"{\"radius\":10,\"width\":0,\"height\":0,\"color\":-65536,\"style\":0,\"ID\":5590,\"id\":5590}","points":[{"x":317.0,"y":530.0},{"x":316.0,"y":527.0},{"x":315.0,"y":525.0},{"x":315.0,"y":523.0},{"x":314.0,"y":522.0},{"x":314.0,"y":520.0},{"x":313.0,"y":519.0},{"x":313.0,"y":518.0},{"x":313.0,"y":518.0},{"x":313.0,"y":517.0}]}}} at: [2026-06-18T20:25:27.918840900]
Sent data: {"cursors":{"5590":{"curse":"{\"radius\":10,\"width\":0,\"height\":0,\"color\":-65536,\"style\":0,\"ID\":5590,\"id\":5590}","points":[{"x":313.0,"y":517.0}]}}} at: [2026-06-18T20:25:28.026854400]
Sent data: {"cursors":{"5590":{"curse":"{\"radius\":10,\"width\":0,\"height\":0,\"color\":-65536,\"style\":0,\"ID\":5590,\"id\":5590}","points":[{"x":312.0,"y":515.0},{"x":311.0,"y":513.0},{"x":310.0,"y":511.0},{"x":309.0,"y":510.0},{"x":309.0,"y":508.0},{"x":307.0,"y":506.0},{"x":306.0,"y":502.0},{"x":305.0,"y":501.0},{"x":305.0,"y":499.0},{"x":304.0,"y":499.0}]}}} at: [2026-06-18T20:25:28.135369900]
Sent data: {"cursors":{"5590":{"curse":"{\"radius\":10,\"width\":0,\"height\":0,\"color\":-65536,\"style\":0,\"ID\":5590,\"id\":5590}","points":[]}}} at: [2026-06-18T20:25:28.244598200]
Sent data: {"cursors":{"5590":{"curse":"{\"radius\":10,\"width\":0,\"height\":0,\"color\":-65536,\"style\":0,\"ID\":5590,\"id\":5590}","points":[{"x":303.0,"y":499.0},{"x":302.0,"y":499.0},{"x":301.0,"y":498.0},{"x":299.0,"y":498.0},{"x":299.0,"y":498.0}]}}} at: [2026-06-18T20:25:28.351795800]
Sent data: {"cursors":{"5590":{"curse":"{\"radius\":10,\"width\":0,\"height\":0,\"color\":-65536,\"style\":0,\"ID\":5590,\"id\":5590}","points":[{"x":298.0,"y":498.0},{"x":297.0,"y":497.0},{"x":296.0,"y":497.0},{"x":295.0,"y":497.0},{"x":295.0,"y":497.0},{"x":294.0,"y":497.0},{"x":293.0,"y":497.0},{"x":293.0,"y":497.0},{"x":292.0,"y":497.0},{"x":291.0,"y":497.0}]}}} at: [2026-06-18T20:25:28.462790100]
Sent data: {"cursors":{"5590":{"curse":"{\"radius\":10,\"width\":0,\"height\":0,\"color\":-65536,\"style\":0,\"ID\":5590,\"id\":5590}","points":[{"x":290.0,"y":497.0},{"x":289.0,"y":497.0},{"x":288.0,"y":497.0},{"x":287.0,"y":497.0},{"x":286.0,"y":497.0},{"x":285.0,"y":497.0},{"x":283.0,"y":497.0},{"x":282.0,"y":497.0},{"x":282.0,"y":497.0},{"x":281.0,"y":497.0},{"x":280.0,"y":497.0},{"x":279.0,"y":497.0}]}}} at: [2026-06-18T20:25:28.573792]
Sent data: {"cursors":{"5590":{"curse":"{\"radius\":10,\"width\":0,\"height\":0,\"color\":-65536,\"style\":0,\"ID\":5590,\"id\":5590}","points":[{"x":278.0,"y":497.0},{"x":277.0,"y":498.0},{"x":275.0,"y":498.0},{"x":274.0,"y":498.0},{"x":273.0,"y":499.0},{"x":273.0,"y":499.0},{"x":271.0,"y":499.0},{"x":270.0,"y":500.0},{"x":270.0,"y":500.0},{"x":269.0,"y":501.0}]}}} at: [2026-06-18T20:25:28.680448100]
Sent data: {"cursors":{"5590":{"curse":"{\"radius\":10,\"width\":0,\"height\":0,\"color\":-65536,\"style\":0,\"ID\":5590,\"id\":5590}","points":[{"x":268.0,"y":501.0},{"x":267.0,"y":502.0},{"x":266.0,"y":502.0},{"x":266.0,"y":502.0},{"x":265.0,"y":502.0},{"x":265.0,"y":503.0},{"x":263.0,"y":503.0},{"x":263.0,"y":503.0},{"x":262.0,"y":503.0},{"x":261.0,"y":504.0}]}}} at: [2026-06-18T20:25:28.787451900]
Sent data: {"cursors":{"5590":{"curse":"{\"radius\":10,\"width\":0,\"height\":0,\"color\":-65536,\"style\":0,\"ID\":5590,\"id\":5590}","points":[{"x":261.0,"y":505.0},{"x":260.0,"y":505.0},{"x":259.0,"y":505.0},{"x":259.0,"y":505.0},{"x":259.0,"y":505.0},{"x":258.0,"y":505.0},{"x":258.0,"y":506.0}]}}} at: [2026-06-18T20:25:28.896449300]
Sent data: {"cursors":{"5590":{"curse":"{\"radius\":10,\"width\":0,\"height\":0,\"color\":-65536,\"style\":0,\"ID\":5590,\"id\":5590}","points":[{"x":257.0,"y":506.0},{"x":257.0,"y":506.0},{"x":257.0,"y":506.0}]}}} at: [2026-06-18T20:25:29.003448400]
Sent data: {"cursors":{"5590":{"curse":"{\"radius\":10,\"width\":0,\"height\":0,\"color\":-65536,\"style\":0,\"ID\":5590,\"id\":5590}","points":[]}}} at: [2026-06-18T20:25:29.114976300]
Sent data: {"cursors":{"5590":{"curse":"{\"radius\":10,\"width\":0,\"height\":0,\"color\":-65536,\"style\":0,\"ID\":5590,\"id\":5590}","points":[]}}} at: [2026-06-18T20:25:29.223978200]
Sent data: {"cursors":{"5590":{"curse":"{\"radius\":10,\"width\":0,\"height\":0,\"color\":-65536,\"style\":0,\"ID\":5590,\"id\":5590}","points":[]}}} at: [2026-06-18T20:25:29.329977400]
Sent data: {"cursors":{"5590":{"curse":"{\"radius\":10,\"width\":0,\"height\":0,\"color\":-65536,\"style\":0,\"ID\":5590,\"id\":5590}","points":[]}}} at: [2026-06-18T20:25:29.437979100]
Sent data: {"cursors":{"5590":{"curse":"{\"radius\":10,\"width\":0,\"height\":0,\"color\":-65536,\"style\":0,\"ID\":5590,\"id\":5590}","points":[{"x":256.0,"y":506.0},{"x":255.0,"y":506.0},{"x":255.0,"y":506.0},{"x":254.0,"y":506.0}]}}} at: [2026-06-18T20:25:29.544144900]
Sent data: {"cursors":{"5590":{"curse":"{\"radius\":10,\"width\":0,\"height\":0,\"color\":-65536,\"style\":0,\"ID\":5590,\"id\":5590}","points":[{"x":254.0,"y":506.0},{"x":253.0,"y":505.0},{"x":252.0,"y":504.0},{"x":250.0,"y":501.0},{"x":249.0,"y":498.0},{"x":248.0,"y":495.0},{"x":246.0,"y":491.0},{"x":245.0,"y":486.0},{"x":245.0,"y":482.0},{"x":243.0,"y":478.0}]}}} at: [2026-06-18T20:25:29.654843200]
Sent data: {"cursors":{"5590":{"curse":"{\"radius\":10,\"width\":0,\"height\":0,\"color\":-65536,\"style\":0,\"ID\":5590,\"id\":5590}","points":[{"x":242.0,"y":473.0},{"x":242.0,"y":469.0},{"x":241.0,"y":463.0},{"x":239.0,"y":459.0},{"x":238.0,"y":455.0},{"x":238.0,"y":451.0},{"x":237.0,"y":445.0},{"x":236.0,"y":441.0},{"x":235.0,"y":437.0},{"x":235.0,"y":433.0}]}}} at: [2026-06-18T20:25:29.763841800]
Sent data: {"cursors":{"5590":{"curse":"{\"radius\":10,\"width\":0,\"height\":0,\"color\":-65536,\"style\":0,\"ID\":5590,\"id\":5590}","points":[{"x":234.0,"y":427.0},{"x":234.0,"y":424.0},{"x":234.0,"y":421.0},{"x":234.0,"y":418.0},{"x":233.0,"y":414.0},{"x":233.0,"y":407.0},{"x":232.0,"y":402.0},{"x":231.0,"y":397.0},{"x":231.0,"y":393.0},{"x":230.0,"y":386.0},{"x":230.0,"y":381.0}]}}} at: [2026-06-18T20:25:29.871844400]
Sent data: {"cursors":{"5590":{"curse":"{\"radius\":10,\"width\":0,\"height\":0,\"color\":-65536,\"style\":0,\"ID\":5590,\"id\":5590}","points":[{"x":229.0,"y":377.0},{"x":229.0,"y":373.0},{"x":228.0,"y":367.0},{"x":227.0,"y":363.0},{"x":227.0,"y":361.0},{"x":227.0,"y":357.0},{"x":227.0,"y":354.0},{"x":226.0,"y":351.0},{"x":226.0,"y":347.0},{"x":226.0,"y":345.0}]}}} at: [2026-06-18T20:25:29.980518600]
Sent data: {"cursors":{"5590":{"curse":"{\"radius\":10,\"width\":0,\"height\":0,\"color\":-65536,\"style\":0,\"ID\":5590,\"id\":5590}","points":[{"x":226.0,"y":342.0},{"x":226.0,"y":339.0},{"x":226.0,"y":336.0},{"x":226.0,"y":334.0},{"x":225.0,"y":331.0},{"x":225.0,"y":327.0},{"x":225.0,"y":322.0},{"x":225.0,"y":319.0},{"x":225.0,"y":314.0},{"x":225.0,"y":310.0}]}}} at: [2026-06-18T20:25:30.091050300]
Sent data: {"cursors":{"5590":{"curse":"{\"radius\":10,\"width\":0,\"height\":0,\"color\":-65536,\"style\":0,\"ID\":5590,\"id\":5590}","points":[{"x":225.0,"y":303.0},{"x":225.0,"y":298.0},{"x":225.0,"y":294.0},{"x":225.0,"y":290.0},{"x":225.0,"y":286.0},{"x":225.0,"y":279.0},{"x":225.0,"y":275.0},{"x":225.0,"y":271.0},{"x":225.0,"y":266.0},{"x":225.0,"y":260.0}]}}} at: [2026-06-18T20:25:30.200053]
Sent data: {"cursors":{"5590":{"curse":"{\"radius\":10,\"width\":0,\"height\":0,\"color\":-65536,\"style\":0,\"ID\":5590,\"id\":5590}","points":[{"x":225.0,"y":254.0},{"x":225.0,"y":250.0},{"x":225.0,"y":245.0},{"x":225.0,"y":239.0},{"x":225.0,"y":234.0},{"x":225.0,"y":231.0},{"x":225.0,"y":227.0},{"x":225.0,"y":223.0},{"x":224.0,"y":219.0},{"x":223.0,"y":215.0},{"x":222.0,"y":212.0}]}}} at: [2026-06-18T20:25:30.310051100]
Sent data: {"cursors":{"5590":{"curse":"{\"radius\":10,\"width\":0,\"height\":0,\"color\":-65536,\"style\":0,\"ID\":5590,\"id\":5590}","points":[{"x":222.0,"y":210.0},{"x":221.0,"y":207.0},{"x":221.0,"y":207.0},{"x":220.0,"y":207.0},{"x":218.0,"y":207.0},{"x":215.0,"y":206.0},{"x":213.0,"y":206.0},{"x":211.0,"y":206.0}]}}} at: [2026-06-18T20:25:30.420051500]
Sent data: {"cursors":{"5590":{"curse":"{\"radius\":10,\"width\":0,\"height\":0,\"color\":-65536,\"style\":0,\"ID\":5590,\"id\":5590}","points":[{"x":206.0,"y":206.0},{"x":202.0,"y":206.0},{"x":198.0,"y":207.0},{"x":194.0,"y":210.0},{"x":189.0,"y":213.0},{"x":183.0,"y":218.0},{"x":179.0,"y":222.0},{"x":175.0,"y":226.0},{"x":172.0,"y":231.0},{"x":168.0,"y":237.0},{"x":163.0,"y":245.0}]}}} at: [2026-06-18T20:25:30.529053100]
Sent data: {"cursors":{"5590":{"curse":"{\"radius\":10,\"width\":0,\"height\":0,\"color\":-65536,\"style\":0,\"ID\":5590,\"id\":5590}","points":[{"x":159.0,"y":253.0},{"x":157.0,"y":261.0},{"x":154.0,"y":269.0},{"x":151.0,"y":279.0},{"x":149.0,"y":286.0},{"x":147.0,"y":292.0},{"x":146.0,"y":299.0},{"x":146.0,"y":306.0},{"x":146.0,"y":314.0},{"x":146.0,"y":319.0}]}}} at: [2026-06-18T20:25:30.635639600]
Sent data: {"cursors":{"5590":{"curse":"{\"radius\":10,\"width\":0,\"height\":0,\"color\":-65536,\"style\":0,\"ID\":5590,\"id\":5590}","points":[{"x":146.0,"y":325.0},{"x":146.0,"y":329.0},{"x":147.0,"y":337.0},{"x":149.0,"y":343.0},{"x":151.0,"y":349.0},{"x":153.0,"y":355.0},{"x":156.0,"y":365.0},{"x":159.0,"y":371.0},{"x":161.0,"y":375.0},{"x":162.0,"y":377.0}]}}} at: [2026-06-18T20:25:30.747637300]
Sent data: {"cursors":{"5590":{"curse":"{\"radius\":10,\"width\":0,\"height\":0,\"color\":-65536,\"style\":0,\"ID\":5590,\"id\":5590}","points":[{"x":163.0,"y":378.0},{"x":164.0,"y":378.0},{"x":165.0,"y":378.0},{"x":165.0,"y":378.0},{"x":166.0,"y":378.0},{"x":166.0,"y":378.0},{"x":167.0,"y":378.0},{"x":167.0,"y":378.0},{"x":168.0,"y":378.0},{"x":169.0,"y":378.0}]}}} at: [2026-06-18T20:25:30.857634900]
Sent data: {"cursors":{"5590":{"curse":"{\"radius\":10,\"width\":0,\"height\":0,\"color\":-65536,\"style\":0,\"ID\":5590,\"id\":5590}","points":[{"x":170.0,"y":378.0},{"x":171.0,"y":378.0}]}}} at: [2026-06-18T20:25:30.964740500]
Sent data: {"cursors":{"5590":{"curse":"{\"radius\":10,\"width\":0,\"height\":0,\"color\":-65536,\"style\":0,\"ID\":5590,\"id\":5590}","points":[]}}} at: [2026-06-18T20:25:31.073112100]
Sent data: {"cursors":{"5590":{"curse":"{\"radius\":10,\"width\":0,\"height\":0,\"color\":-65536,\"style\":0,\"ID\":5590,\"id\":5590}","points":[]}}} at: [2026-06-18T20:25:31.182122900]
Sent data: {"cursors":{"5590":{"curse":"{\"radius\":10,\"width\":0,\"height\":0,\"color\":-65536,\"style\":0,\"ID\":5590,\"id\":5590}","points":[]}}} at: [2026-06-18T20:25:31.290127200]
Sent data: {"cursors":{"5590":{"curse":"{\"radius\":10,\"width\":0,\"height\":0,\"color\":-65536,\"style\":0,\"ID\":5590,\"id\":5590}","points":[]}}} at: [2026-06-18T20:25:31.400125200]
Sent data: {"cursors":{"5590":{"curse":"{\"radius\":10,\"width\":0,\"height\":0,\"color\":-65536,\"style\":0,\"ID\":5590,\"id\":5590}","points":[]}}} at: [2026-06-18T20:25:31.510124600]
Sent data: {"cursors":{"5590":{"curse":"{\"radius\":10,\"width\":0,\"height\":0,\"color\":-65536,\"style\":0,\"ID\":5590,\"id\":5590}","points":[]}}} at: [2026-06-18T20:25:31.617560900]
Sent data: {"cursors":{"5590":{"curse":"{\"radius\":10,\"width\":0,\"height\":0,\"color\":-65536,\"style\":0,\"ID\":5590,\"id\":5590}","points":[]}}} at: [2026-06-18T20:25:31.726222900]
Sent data: {"cursors":{"5590":{"curse":"{\"radius\":10,\"width\":0,\"height\":0,\"color\":-65536,\"style\":0,\"ID\":5590,\"id\":5590}","points":[]}}} at: [2026-06-18T20:25:31.836225500]
Sent data: {"cursors":{"5590":{"curse":"{\"radius\":10,\"width\":0,\"height\":0,\"color\":-65536,\"style\":0,\"ID\":5590,\"id\":5590}","points":[]}}} at: [2026-06-18T20:25:31.943803400]
Sent data: {"cursors":{"5590":{"curse":"{\"radius\":10,\"width\":0,\"height\":0,\"color\":-65536,\"style\":0,\"ID\":5590,\"id\":5590}","points":[]}}} at: [2026-06-18T20:25:32.052241200]
Sent data: {"cursors":{"5590":{"curse":"{\"radius\":10,\"width\":0,\"height\":0,\"color\":-65536,\"style\":0,\"ID\":5590,\"id\":5590}","points":[]}}} at: [2026-06-18T20:25:32.161150200]
Sent data: {"cursors":{"5590":{"curse":"{\"radius\":10,\"width\":0,\"height\":0,\"color\":-65536,\"style\":0,\"ID\":5590,\"id\":5590}","points":[]}}} at: [2026-06-18T20:25:32.269150700]
Sent data: {"cursors":{"5590":{"curse":"{\"radius\":10,\"width\":0,\"height\":0,\"color\":-65536,\"style\":0,\"ID\":5590,\"id\":5590}","points":[]}}} at: [2026-06-18T20:25:32.377472900]
Sent data: {"cursors":{"5590":{"curse":"{\"radius\":10,\"width\":0,\"height\":0,\"color\":-65536,\"style\":0,\"ID\":5590,\"id\":5590}","points":[{"x":97.0,"y":225.0},{"x":97.0,"y":225.0},{"x":100.0,"y":227.0}]}}} at: [2026-06-18T20:25:32.487476700]
Sent data: {"cursors":{"5590":{"curse":"{\"radius\":10,\"width\":0,\"height\":0,\"color\":-65536,\"style\":0,\"ID\":5590,\"id\":5590}","points":[{"x":103.0,"y":230.0},{"x":108.0,"y":233.0},{"x":114.0,"y":238.0},{"x":125.0,"y":248.0},{"x":133.0,"y":256.0},{"x":141.0,"y":263.0},{"x":150.0,"y":273.0},{"x":159.0,"y":283.0},{"x":167.0,"y":291.0},{"x":172.0,"y":298.0},{"x":177.0,"y":305.0}]}}} at: [2026-06-18T20:25:32.597526700]
Sent data: {"cursors":{"5590":{"curse":"{\"radius\":10,\"width\":0,\"height\":0,\"color\":-65536,\"style\":0,\"ID\":5590,\"id\":5590}","points":[{"x":179.0,"y":310.0},{"x":181.0,"y":312.0}]}}} at: [2026-06-18T20:25:32.705259300]
Sent data: {"cursors":{"5590":{"curse":"{\"radius\":10,\"width\":0,\"height\":0,\"color\":-65536,\"style\":0,\"ID\":5590,\"id\":5590}","points":[]}}} at: [2026-06-18T20:25:32.815323500]
Sent data: {"cursors":{"5590":{"curse":"{\"radius\":10,\"width\":0,\"height\":0,\"color\":-65536,\"style\":0,\"ID\":5590,\"id\":5590}","points":[]}}} at: [2026-06-18T20:25:32.922648600]
Sent data: {"cursors":{"5590":{"curse":"{\"radius\":10,\"width\":0,\"height\":0,\"color\":-65536,\"style\":0,\"ID\":5590,\"id\":5590}","points":[]}}} at: [2026-06-18T20:25:33.033157100]
Sent data: {"cursors":{"5590":{"curse":"{\"radius\":10,\"width\":0,\"height\":0,\"color\":-65536,\"style\":0,\"ID\":5590,\"id\":5590}","points":[]}}} at: [2026-06-18T20:25:33.140484500]
Sent data: {"cursors":{"5590":{"curse":"{\"radius\":10,\"width\":0,\"height\":0,\"color\":-65536,\"style\":0,\"ID\":5590,\"id\":5590}","points":[{"x":77.0,"y":279.0},{"x":79.0,"y":285.0},{"x":83.0,"y":291.0},{"x":89.0,"y":302.0},{"x":95.0,"y":313.0},{"x":100.0,"y":322.0}]}}} at: [2026-06-18T20:25:33.246847600]
Sent data: {"cursors":{"5590":{"curse":"{\"radius\":10,\"width\":0,\"height\":0,\"color\":-65536,\"style\":0,\"ID\":5590,\"id\":5590}","points":[{"x":105.0,"y":333.0},{"x":115.0,"y":350.0},{"x":122.0,"y":363.0},{"x":129.0,"y":377.0},{"x":138.0,"y":393.0},{"x":150.0,"y":414.0},{"x":157.0,"y":428.0},{"x":162.0,"y":439.0},{"x":165.0,"y":448.0},{"x":167.0,"y":457.0}]}}} at: [2026-06-18T20:25:33.356848700]
Sent data: {"cursors":{"5590":{"curse":"{\"radius\":10,\"width\":0,\"height\":0,\"color\":-65536,\"style\":0,\"ID\":5590,\"id\":5590}","points":[{"x":170.0,"y":465.0},{"x":172.0,"y":470.0},{"x":173.0,"y":473.0},{"x":173.0,"y":474.0}]}}} at: [2026-06-18T20:25:33.464848]
Sent data: {"cursors":{"5590":{"curse":"{\"radius\":10,\"width\":0,\"height\":0,\"color\":-65536,\"style\":0,\"ID\":5590,\"id\":5590}","points":[]}}} at: [2026-06-18T20:25:33.578002600]
Sent data: {"cursors":{"5590":{"curse":"{\"radius\":10,\"width\":0,\"height\":0,\"color\":-65536,\"style\":0,\"ID\":5590,\"id\":5590}","points":[]}}} at: [2026-06-18T20:25:33.683823100]
Sent data: {"cursors":{"5590":{"curse":"{\"radius\":10,\"width\":0,\"height\":0,\"color\":-65536,\"style\":0,\"ID\":5590,\"id\":5590}","points":[]}}} at: [2026-06-18T20:25:33.790036400]
Sent data: {"cursors":{"5590":{"curse":"{\"radius\":10,\"width\":0,\"height\":0,\"color\":-65536,\"style\":0,\"ID\":5590,\"id\":5590}","points":[{"x":57.0,"y":478.0},{"x":57.0,"y":478.0},{"x":57.0,"y":479.0},{"x":57.0,"y":480.0},{"x":59.0,"y":483.0},{"x":62.0,"y":487.0},{"x":66.0,"y":491.0},{"x":71.0,"y":499.0},{"x":76.0,"y":505.0},{"x":82.0,"y":512.0}]}}} at: [2026-06-18T20:25:33.897658300]
Sent data: {"cursors":{"5590":{"curse":"{\"radius\":10,\"width\":0,\"height\":0,\"color\":-65536,\"style\":0,\"ID\":5590,\"id\":5590}","points":[{"x":87.0,"y":519.0},{"x":93.0,"y":526.0},{"x":99.0,"y":537.0},{"x":104.0,"y":543.0},{"x":109.0,"y":550.0},{"x":114.0,"y":555.0},{"x":118.0,"y":561.0},{"x":121.0,"y":566.0},{"x":122.0,"y":569.0},{"x":122.0,"y":571.0}]}}} at: [2026-06-18T20:25:34.007658200]
Sent data: {"cursors":{"5590":{"curse":"{\"radius\":10,\"width\":0,\"height\":0,\"color\":-65536,\"style\":0,\"ID\":5590,\"id\":5590}","points":[{"x":122.0,"y":573.0}]}}} at: [2026-06-18T20:25:34.117188600]
Sent data: {"cursors":{"5590":{"curse":"{\"radius\":10,\"width\":0,\"height\":0,\"color\":-65536,\"style\":0,\"ID\":5590,\"id\":5590}","points":[]}}} at: [2026-06-18T20:25:34.224641400]
Sent data: {"cursors":{"5590":{"curse":"{\"radius\":10,\"width\":0,\"height\":0,\"color\":-65536,\"style\":0,\"ID\":5590,\"id\":5590}","points":[{"x":47.0,"y":645.0},{"x":48.0,"y":645.0},{"x":51.0,"y":645.0}]}}} at: [2026-06-18T20:25:34.332643500]
Sent data: {"cursors":{"5590":{"curse":"{\"radius\":10,\"width\":0,\"height\":0,\"color\":-65536,\"style\":0,\"ID\":5590,\"id\":5590}","points":[{"x":54.0,"y":645.0},{"x":58.0,"y":644.0},{"x":62.0,"y":643.0},{"x":68.0,"y":641.0},{"x":74.0,"y":639.0},{"x":82.0,"y":636.0},{"x":91.0,"y":633.0},{"x":99.0,"y":630.0},{"x":110.0,"y":624.0},{"x":125.0,"y":615.0}]}}} at: [2026-06-18T20:25:34.439642700]
Sent data: {"cursors":{"5590":{"curse":"{\"radius\":10,\"width\":0,\"height\":0,\"color\":-65536,\"style\":0,\"ID\":5590,\"id\":5590}","points":[{"x":139.0,"y":607.0},{"x":150.0,"y":598.0},{"x":162.0,"y":591.0},{"x":177.0,"y":581.0},{"x":190.0,"y":570.0},{"x":202.0,"y":560.0},{"x":213.0,"y":550.0},{"x":227.0,"y":538.0},{"x":236.0,"y":529.0},{"x":246.0,"y":520.0}]}}} at: [2026-06-18T20:25:34.547640700]
Sent data: {"cursors":{"5590":{"curse":"{\"radius\":10,\"width\":0,\"height\":0,\"color\":-65536,\"style\":0,\"ID\":5590,\"id\":5590}","points":[{"x":261.0,"y":507.0},{"x":273.0,"y":497.0},{"x":290.0,"y":478.0},{"x":301.0,"y":462.0},{"x":308.0,"y":448.0},{"x":314.0,"y":429.0},{"x":318.0,"y":410.0},{"x":319.0,"y":393.0},{"x":319.0,"y":377.0},{"x":318.0,"y":359.0}]}}} at: [2026-06-18T20:25:34.656642500]
Sent data: {"cursors":{"5590":{"curse":"{\"radius\":10,\"width\":0,\"height\":0,\"color\":-65536,\"style\":0,\"ID\":5590,\"id\":5590}","points":[{"x":315.0,"y":329.0},{"x":313.0,"y":309.0},{"x":311.0,"y":292.0},{"x":310.0,"y":275.0},{"x":307.0,"y":253.0},{"x":304.0,"y":233.0},{"x":301.0,"y":216.0},{"x":295.0,"y":201.0},{"x":289.0,"y":181.0},{"x":283.0,"y":167.0}]}}} at: [2026-06-18T20:25:34.763642300]
Sent data: {"cursors":{"5590":{"curse":"{\"radius\":10,\"width\":0,\"height\":0,\"color\":-65536,\"style\":0,\"ID\":5590,\"id\":5590}","points":[{"x":277.0,"y":154.0},{"x":271.0,"y":143.0},{"x":265.0,"y":131.0},{"x":256.0,"y":116.0},{"x":250.0,"y":106.0},{"x":243.0,"y":99.0},{"x":237.0,"y":94.0},{"x":227.0,"y":89.0},{"x":219.0,"y":87.0},{"x":214.0,"y":86.0},{"x":208.0,"y":86.0}]}}} at: [2026-06-18T20:25:34.873647500]
Sent data: {"cursors":{"5590":{"curse":"{\"radius\":10,\"width\":0,\"height\":0,\"color\":-65536,\"style\":0,\"ID\":5590,\"id\":5590}","points":[{"x":202.0,"y":85.0},{"x":195.0,"y":85.0},{"x":190.0,"y":85.0},{"x":187.0,"y":85.0},{"x":183.0,"y":86.0},{"x":177.0,"y":89.0},{"x":173.0,"y":91.0},{"x":167.0,"y":94.0},{"x":164.0,"y":97.0}]}}} at: [2026-06-18T20:25:34.980304]
Sent data: {"cursors":{"5590":{"curse":"{\"radius\":10,\"width\":0,\"height\":0,\"color\":-65536,\"style\":0,\"ID\":5590,\"id\":5590}","points":[{"x":159.0,"y":102.0},{"x":156.0,"y":105.0},{"x":154.0,"y":107.0},{"x":153.0,"y":110.0},{"x":151.0,"y":113.0},{"x":150.0,"y":119.0},{"x":148.0,"y":123.0},{"x":147.0,"y":127.0},{"x":145.0,"y":133.0},{"x":144.0,"y":141.0},{"x":143.0,"y":146.0}]}}} at: [2026-06-18T20:25:35.089820700]
Sent data: {"cursors":{"5590":{"curse":"{\"radius\":10,\"width\":0,\"height\":0,\"color\":-65536,\"style\":0,\"ID\":5590,\"id\":5590}","points":[{"x":142.0,"y":151.0},{"x":142.0,"y":155.0},{"x":141.0,"y":161.0},{"x":140.0,"y":169.0},{"x":139.0,"y":176.0},{"x":138.0,"y":182.0},{"x":137.0,"y":190.0},{"x":136.0,"y":201.0},{"x":135.0,"y":210.0},{"x":135.0,"y":217.0}]}}} at: [2026-06-18T20:25:35.197818100]
Sent data: {"cursors":{"5590":{"curse":"{\"radius\":10,\"width\":0,\"height\":0,\"color\":-65536,\"style\":0,\"ID\":5590,\"id\":5590}","points":[{"x":135.0,"y":223.0},{"x":134.0,"y":231.0},{"x":134.0,"y":237.0},{"x":134.0,"y":243.0},{"x":134.0,"y":249.0},{"x":134.0,"y":257.0},{"x":134.0,"y":263.0},{"x":134.0,"y":269.0},{"x":133.0,"y":274.0},{"x":133.0,"y":279.0}]}}} at: [2026-06-18T20:25:35.305821600]
Sent data: {"cursors":{"5590":{"curse":"{\"radius\":10,\"width\":0,\"height\":0,\"color\":-65536,\"style\":0,\"ID\":5590,\"id\":5590}","points":[{"x":133.0,"y":286.0},{"x":133.0,"y":291.0},{"x":132.0,"y":295.0},{"x":132.0,"y":298.0},{"x":132.0,"y":303.0},{"x":131.0,"y":308.0},{"x":131.0,"y":312.0},{"x":131.0,"y":317.0},{"x":131.0,"y":322.0},{"x":131.0,"y":326.0}]}}} at: [2026-06-18T20:25:35.413818100]
Sent data: {"cursors":{"5590":{"curse":"{\"radius\":10,\"width\":0,\"height\":0,\"color\":-65536,\"style\":0,\"ID\":5590,\"id\":5590}","points":[{"x":131.0,"y":330.0},{"x":130.0,"y":333.0},{"x":130.0,"y":335.0},{"x":129.0,"y":338.0},{"x":129.0,"y":338.0},{"x":129.0,"y":339.0},{"x":128.0,"y":339.0},{"x":127.0,"y":339.0},{"x":125.0,"y":339.0},{"x":123.0,"y":339.0}]}}} at: [2026-06-18T20:25:35.523817700]
Sent data: {"cursors":{"5590":{"curse":"{\"radius\":10,\"width\":0,\"height\":0,\"color\":-65536,\"style\":0,\"ID\":5590,\"id\":5590}","points":[{"x":119.0,"y":339.0},{"x":117.0,"y":339.0},{"x":110.0,"y":338.0},{"x":104.0,"y":336.0},{"x":98.0,"y":332.0},{"x":93.0,"y":327.0},{"x":86.0,"y":319.0},{"x":79.0,"y":308.0},{"x":75.0,"y":299.0}]}}} at: [2026-06-18T20:25:35.630824400]
Sent data: {"cursors":{"5590":{"curse":"{\"radius\":10,\"width\":0,\"height\":0,\"color\":-65536,\"style\":0,\"ID\":5590,\"id\":5590}","points":[{"x":70.0,"y":288.0},{"x":68.0,"y":279.0},{"x":66.0,"y":273.0},{"x":64.0,"y":266.0},{"x":63.0,"y":260.0},{"x":62.0,"y":252.0},{"x":61.0,"y":247.0},{"x":61.0,"y":241.0},{"x":61.0,"y":238.0},{"x":61.0,"y":232.0}]}}} at: [2026-06-18T20:25:35.738500]
Sent data: {"cursors":{"5590":{"curse":"{\"radius\":10,\"width\":0,\"height\":0,\"color\":-65536,\"style\":0,\"ID\":5590,\"id\":5590}","points":[{"x":61.0,"y":228.0},{"x":62.0,"y":225.0},{"x":62.0,"y":221.0},{"x":64.0,"y":215.0},{"x":66.0,"y":211.0},{"x":67.0,"y":207.0},{"x":70.0,"y":202.0},{"x":73.0,"y":197.0},{"x":77.0,"y":191.0},{"x":79.0,"y":186.0}]}}} at: [2026-06-18T20:25:35.846500800]
Sent data: {"cursors":{"5590":{"curse":"{\"radius\":10,\"width\":0,\"height\":0,\"color\":-65536,\"style\":0,\"ID\":5590,\"id\":5590}","points":[{"x":84.0,"y":179.0},{"x":90.0,"y":169.0},{"x":94.0,"y":162.0},{"x":98.0,"y":155.0},{"x":104.0,"y":147.0},{"x":108.0,"y":142.0},{"x":114.0,"y":135.0},{"x":118.0,"y":132.0},{"x":122.0,"y":129.0}]}}} at: [2026-06-18T20:25:35.954501100]
Sent data: {"cursors":{"5590":{"curse":"{\"radius\":10,\"width\":0,\"height\":0,\"color\":-65536,\"style\":0,\"ID\":5590,\"id\":5590}","points":[{"x":127.0,"y":125.0},{"x":133.0,"y":121.0},{"x":139.0,"y":118.0},{"x":146.0,"y":112.0},{"x":155.0,"y":107.0},{"x":167.0,"y":101.0},{"x":175.0,"y":98.0},{"x":183.0,"y":96.0},{"x":189.0,"y":95.0},{"x":198.0,"y":95.0}]}}} at: [2026-06-18T20:25:36.067628]
Sent data: {"cursors":{"5590":{"curse":"{\"radius\":10,\"width\":0,\"height\":0,\"color\":-65536,\"style\":0,\"ID\":5590,\"id\":5590}","points":[{"x":204.0,"y":95.0},{"x":210.0,"y":96.0},{"x":216.0,"y":98.0},{"x":225.0,"y":102.0},{"x":232.0,"y":106.0},{"x":239.0,"y":111.0},{"x":245.0,"y":116.0},{"x":251.0,"y":121.0},{"x":259.0,"y":128.0},{"x":267.0,"y":135.0},{"x":271.0,"y":140.0}]}}} at: [2026-06-18T20:25:36.174627600]
Sent data: {"cursors":{"5590":{"curse":"{\"radius\":10,\"width\":0,\"height\":0,\"color\":-65536,\"style\":0,\"ID\":5590,\"id\":5590}","points":[{"x":277.0,"y":145.0},{"x":285.0,"y":153.0},{"x":290.0,"y":161.0},{"x":294.0,"y":166.0},{"x":298.0,"y":171.0},{"x":302.0,"y":177.0},{"x":309.0,"y":185.0},{"x":313.0,"y":191.0},{"x":316.0,"y":195.0},{"x":320.0,"y":201.0}]}}} at: [2026-06-18T20:25:36.284629600]
Sent data: {"cursors":{"5590":{"curse":"{\"radius\":10,\"width\":0,\"height\":0,\"color\":-65536,\"style\":0,\"ID\":5590,\"id\":5590}","points":[{"x":325.0,"y":208.0},{"x":326.0,"y":211.0},{"x":328.0,"y":213.0},{"x":330.0,"y":215.0},{"x":331.0,"y":218.0},{"x":332.0,"y":219.0},{"x":333.0,"y":221.0},{"x":334.0,"y":222.0},{"x":335.0,"y":223.0},{"x":338.0,"y":225.0}]}}} at: [2026-06-18T20:25:36.393631100]
Sent data: {"cursors":{"5590":{"curse":"{\"radius\":10,\"width\":0,\"height\":0,\"color\":-65536,\"style\":0,\"ID\":5590,\"id\":5590}","points":[{"x":340.0,"y":226.0},{"x":341.0,"y":227.0}]}}} at: [2026-06-18T20:25:36.501629300]
Sent data: {"cursors":{"5590":{"curse":"{\"radius\":10,\"width\":0,\"height\":0,\"color\":-65536,\"style\":0,\"ID\":5590,\"id\":5590}","points":[]}}} at: [2026-06-18T20:25:36.610921200]
Sent data: {"cursors":{"5590":{"curse":"{\"radius\":10,\"width\":0,\"height\":0,\"color\":-65536,\"style\":0,\"ID\":5590,\"id\":5590}","points":[]}}} at: [2026-06-18T20:25:36.719585400]
Sent data: {"cursors":{"5590":{"curse":"{\"radius\":10,\"width\":0,\"height\":0,\"color\":-65536,\"style\":0,\"ID\":5590,\"id\":5590}","points":[]}}} at: [2026-06-18T20:25:36.827388100]
Sent data: {"cursors":{"5590":{"curse":"{\"radius\":10,\"width\":0,\"height\":0,\"color\":-65536,\"style\":0,\"ID\":5590,\"id\":5590}","points":[]}}} at: [2026-06-18T20:25:36.935264]
Sent data: {"cursors":{"5590":{"curse":"{\"radius\":10,\"width\":0,\"height\":0,\"color\":-65536,\"style\":0,\"ID\":5590,\"id\":5590}","points":[]}}} at: [2026-06-18T20:25:37.043790100]
Sent data: {"cursors":{"5590":{"curse":"{\"radius\":10,\"width\":0,\"height\":0,\"color\":-65536,\"style\":0,\"ID\":5590,\"id\":5590}","points":[]}}} at: [2026-06-18T20:25:37.153788100]
Sent data: {"cursors":{"5590":{"curse":"{\"radius\":10,\"width\":0,\"height\":0,\"color\":-65536,\"style\":0,\"ID\":5590,\"id\":5590}","points":[]}}} at: [2026-06-18T20:25:37.260365200]
Sent data: {"cursors":{"5590":{"curse":"{\"radius\":10,\"width\":0,\"height\":0,\"color\":-65536,\"style\":0,\"ID\":5590,\"id\":5590}","points":[]}}} at: [2026-06-18T20:25:37.370141900]
Sent data: {"cursors":{"5590":{"curse":"{\"radius\":10,\"width\":0,\"height\":0,\"color\":-65536,\"style\":0,\"ID\":5590,\"id\":5590}","points":[]}}} at: [2026-06-18T20:25:37.478141700]
Sent data: {"cursors":{"5590":{"curse":"{\"radius\":10,\"width\":0,\"height\":0,\"color\":-65536,\"style\":0,\"ID\":5590,\"id\":5590}","points":[]}}} at: [2026-06-18T20:25:37.582140300]
Sent data: {"cursors":{"5590":{"curse":"{\"radius\":10,\"width\":0,\"height\":0,\"color\":-65536,\"style\":0,\"ID\":5590,\"id\":5590}","points":[{"x":584.0,"y":134.0},{"x":584.0,"y":139.0},{"x":585.0,"y":143.0},{"x":585.0,"y":147.0},{"x":585.0,"y":154.0},{"x":585.0,"y":160.0},{"x":586.0,"y":167.0},{"x":588.0,"y":181.0}]}}} at: [2026-06-18T20:25:37.690131500]
Sent data: {"cursors":{"5590":{"curse":"{\"radius\":10,\"width\":0,\"height\":0,\"color\":-65536,\"style\":0,\"ID\":5590,\"id\":5590}","points":[{"x":589.0,"y":190.0},{"x":590.0,"y":200.0},{"x":593.0,"y":213.0},{"x":597.0,"y":229.0},{"x":598.0,"y":241.0},{"x":601.0,"y":249.0},{"x":603.0,"y":261.0},{"x":606.0,"y":270.0},{"x":610.0,"y":283.0},{"x":613.0,"y":293.0}]}}} at: [2026-06-18T20:25:37.797612800]
Sent data: {"cursors":{"5590":{"curse":"{\"radius\":10,\"width\":0,\"height\":0,\"color\":-65536,\"style\":0,\"ID\":5590,\"id\":5590}","points":[{"x":615.0,"y":299.0},{"x":618.0,"y":309.0},{"x":620.0,"y":316.0},{"x":621.0,"y":323.0},{"x":622.0,"y":327.0},{"x":622.0,"y":330.0},{"x":622.0,"y":333.0},{"x":622.0,"y":334.0},{"x":622.0,"y":335.0},{"x":622.0,"y":335.0}]}}} at: [2026-06-18T20:25:37.907617100]
Sent data: {"cursors":{"5590":{"curse":"{\"radius\":10,\"width\":0,\"height\":0,\"color\":-65536,\"style\":0,\"ID\":5590,\"id\":5590}","points":[]}}} at: [2026-06-18T20:25:38.016613800]
Sent data: {"cursors":{"5590":{"curse":"{\"radius\":10,\"width\":0,\"height\":0,\"color\":-65536,\"style\":0,\"ID\":5590,\"id\":5590}","points":[]}}} at: [2026-06-18T20:25:38.126148400]
Sent data: {"cursors":{"5590":{"curse":"{\"radius\":10,\"width\":0,\"height\":0,\"color\":-65536,\"style\":0,\"ID\":5590,\"id\":5590}","points":[]}}} at: [2026-06-18T20:25:38.235149400]
Sent data: {"cursors":{"5590":{"curse":"{\"radius\":10,\"width\":0,\"height\":0,\"color\":-65536,\"style\":0,\"ID\":5590,\"id\":5590}","points":[]}}} at: [2026-06-18T20:25:38.343152300]
Sent data: {"cursors":{"5590":{"curse":"{\"radius\":10,\"width\":0,\"height\":0,\"color\":-65536,\"style\":0,\"ID\":5590,\"id\":5590}","points":[{"x":466.0,"y":406.0},{"x":472.0,"y":412.0}]}}} at: [2026-06-18T20:25:38.450149800]
Sent data: {"cursors":{"5590":{"curse":"{\"radius\":10,\"width\":0,\"height\":0,\"color\":-65536,\"style\":0,\"ID\":5590,\"id\":5590}","points":[{"x":479.0,"y":418.0},{"x":490.0,"y":426.0},{"x":498.0,"y":431.0},{"x":505.0,"y":435.0},{"x":513.0,"y":438.0},{"x":520.0,"y":441.0},{"x":530.0,"y":443.0},{"x":539.0,"y":444.0},{"x":546.0,"y":444.0},{"x":553.0,"y":442.0}]}}} at: [2026-06-18T20:25:38.560147800]
Sent data: {"cursors":{"5590":{"curse":"{\"radius\":10,\"width\":0,\"height\":0,\"color\":-65536,\"style\":0,\"ID\":5590,\"id\":5590}","points":[{"x":563.0,"y":435.0},{"x":572.0,"y":429.0},{"x":581.0,"y":422.0},{"x":591.0,"y":413.0},{"x":601.0,"y":402.0},{"x":614.0,"y":383.0},{"x":623.0,"y":369.0},{"x":628.0,"y":357.0},{"x":633.0,"y":347.0},{"x":639.0,"y":333.0}]}}} at: [2026-06-18T20:25:38.669152600]
Sent data: {"cursors":{"5590":{"curse":"{\"radius\":10,\"width\":0,\"height\":0,\"color\":-65536,\"style\":0,\"ID\":5590,\"id\":5590}","points":[{"x":642.0,"y":323.0},{"x":644.0,"y":314.0},{"x":646.0,"y":305.0},{"x":650.0,"y":290.0},{"x":652.0,"y":281.0},{"x":653.0,"y":273.0},{"x":654.0,"y":264.0},{"x":655.0,"y":253.0},{"x":656.0,"y":245.0},{"x":656.0,"y":238.0},{"x":656.0,"y":231.0}]}}} at: [2026-06-18T20:25:38.778823100]
Sent data: {"cursors":{"5590":{"curse":"{\"radius\":10,\"width\":0,\"height\":0,\"color\":-65536,\"style\":0,\"ID\":5590,\"id\":5590}","points":[{"x":656.0,"y":226.0},{"x":656.0,"y":219.0},{"x":656.0,"y":213.0},{"x":655.0,"y":209.0},{"x":655.0,"y":204.0},{"x":653.0,"y":199.0},{"x":651.0,"y":195.0},{"x":649.0,"y":191.0},{"x":644.0,"y":185.0},{"x":638.0,"y":178.0}]}}} at: [2026-06-18T20:25:38.885820900]
Sent data: {"cursors":{"5590":{"curse":"{\"radius\":10,\"width\":0,\"height\":0,\"color\":-65536,\"style\":0,\"ID\":5590,\"id\":5590}","points":[{"x":631.0,"y":169.0},{"x":623.0,"y":162.0},{"x":615.0,"y":159.0},{"x":606.0,"y":158.0},{"x":591.0,"y":158.0},{"x":579.0,"y":158.0},{"x":568.0,"y":161.0},{"x":555.0,"y":162.0},{"x":542.0,"y":162.0},{"x":524.0,"y":166.0}]}}} at: [2026-06-18T20:25:38.995818500]
Sent data: {"cursors":{"5590":{"curse":"{\"radius\":10,\"width\":0,\"height\":0,\"color\":-65536,\"style\":0,\"ID\":5590,\"id\":5590}","points":[{"x":513.0,"y":173.0},{"x":506.0,"y":184.0},{"x":499.0,"y":198.0},{"x":489.0,"y":225.0},{"x":483.0,"y":249.0},{"x":480.0,"y":270.0},{"x":479.0,"y":291.0},{"x":479.0,"y":323.0},{"x":482.0,"y":346.0},{"x":487.0,"y":367.0},{"x":492.0,"y":385.0}]}}} at: [2026-06-18T20:25:39.108348500]
Sent data: {"cursors":{"5590":{"curse":"{\"radius\":10,\"width\":0,\"height\":0,\"color\":-65536,\"style\":0,\"ID\":5590,\"id\":5590}","points":[{"x":499.0,"y":402.0},{"x":509.0,"y":422.0},{"x":516.0,"y":431.0},{"x":522.0,"y":435.0},{"x":529.0,"y":436.0},{"x":539.0,"y":435.0},{"x":550.0,"y":429.0},{"x":561.0,"y":419.0},{"x":573.0,"y":406.0},{"x":584.0,"y":389.0}]}}} at: [2026-06-18T20:25:39.217351]
Sent data: {"cursors":{"5590":{"curse":"{\"radius\":10,\"width\":0,\"height\":0,\"color\":-65536,\"style\":0,\"ID\":5590,\"id\":5590}","points":[{"x":598.0,"y":355.0},{"x":606.0,"y":328.0},{"x":610.0,"y":303.0},{"x":610.0,"y":278.0},{"x":606.0,"y":250.0},{"x":597.0,"y":229.0},{"x":584.0,"y":209.0},{"x":569.0,"y":194.0},{"x":551.0,"y":183.0},{"x":523.0,"y":174.0}]}}} at: [2026-06-18T20:25:39.325349500]
Sent data: {"cursors":{"5590":{"curse":"{\"radius\":10,\"width\":0,\"height\":0,\"color\":-65536,\"style\":0,\"ID\":5590,\"id\":5590}","points":[{"x":504.0,"y":174.0},{"x":481.0,"y":173.0},{"x":459.0,"y":173.0},{"x":429.0,"y":178.0},{"x":406.0,"y":186.0},{"x":390.0,"y":195.0},{"x":374.0,"y":209.0},{"x":357.0,"y":233.0},{"x":350.0,"y":250.0},{"x":346.0,"y":270.0}]}}} at: [2026-06-18T20:25:39.433350200]
Sent data: {"cursors":{"5590":{"curse":"{\"radius\":10,\"width\":0,\"height\":0,\"color\":-65536,\"style\":0,\"ID\":5590,\"id\":5590}","points":[{"x":344.0,"y":286.0},{"x":344.0,"y":301.0},{"x":346.0,"y":316.0},{"x":352.0,"y":324.0},{"x":359.0,"y":326.0},{"x":366.0,"y":327.0},{"x":378.0,"y":323.0},{"x":390.0,"y":315.0},{"x":401.0,"y":305.0},{"x":413.0,"y":290.0}]}}} at: [2026-06-18T20:25:39.541348700]
Sent data: {"cursors":{"5590":{"curse":"{\"radius\":10,\"width\":0,\"height\":0,\"color\":-65536,\"style\":0,\"ID\":5590,\"id\":5590}","points":[{"x":425.0,"y":267.0},{"x":430.0,"y":251.0},{"x":432.0,"y":236.0},{"x":431.0,"y":223.0},{"x":426.0,"y":209.0},{"x":414.0,"y":186.0},{"x":402.0,"y":167.0},{"x":389.0,"y":153.0},{"x":375.0,"y":142.0},{"x":355.0,"y":131.0},{"x":345.0,"y":129.0}]}}} at: [2026-06-18T20:25:39.649350600]
Sent data: {"cursors":{"5590":{"curse":"{\"radius\":10,\"width\":0,\"height\":0,\"color\":-65536,\"style\":0,\"ID\":5590,\"id\":5590}","points":[{"x":337.0,"y":129.0},{"x":327.0,"y":132.0},{"x":318.0,"y":139.0},{"x":305.0,"y":153.0},{"x":298.0,"y":164.0},{"x":293.0,"y":180.0},{"x":288.0,"y":197.0},{"x":287.0,"y":219.0},{"x":287.0,"y":235.0},{"x":287.0,"y":247.0}]}}} at: [2026-06-18T20:25:39.760937200]
Sent data: {"cursors":{"5590":{"curse":"{\"radius\":10,\"width\":0,\"height\":0,\"color\":-65536,\"style\":0,\"ID\":5590,\"id\":5590}","points":[{"x":291.0,"y":261.0},{"x":295.0,"y":271.0},{"x":302.0,"y":282.0},{"x":307.0,"y":287.0},{"x":312.0,"y":289.0},{"x":319.0,"y":289.0},{"x":327.0,"y":287.0},{"x":334.0,"y":282.0},{"x":342.0,"y":274.0},{"x":346.0,"y":265.0},{"x":350.0,"y":253.0}]}}} at: [2026-06-18T20:25:39.870938100]
Sent data: {"cursors":{"5590":{"curse":"{\"radius\":10,\"width\":0,\"height\":0,\"color\":-65536,\"style\":0,\"ID\":5590,\"id\":5590}","points":[{"x":350.0,"y":237.0},{"x":346.0,"y":222.0},{"x":339.0,"y":209.0},{"x":331.0,"y":194.0},{"x":317.0,"y":174.0},{"x":305.0,"y":159.0},{"x":296.0,"y":150.0},{"x":287.0,"y":144.0},{"x":278.0,"y":142.0},{"x":272.0,"y":142.0}]}}} at: [2026-06-18T20:25:39.977581200]
Sent data: {"cursors":{"5590":{"curse":"{\"radius\":10,\"width\":0,\"height\":0,\"color\":-65536,\"style\":0,\"ID\":5590,\"id\":5590}","points":[{"x":266.0,"y":143.0},{"x":259.0,"y":146.0},{"x":251.0,"y":153.0},{"x":247.0,"y":159.0},{"x":244.0,"y":168.0},{"x":242.0,"y":177.0},{"x":241.0,"y":187.0},{"x":241.0,"y":202.0},{"x":241.0,"y":214.0},{"x":243.0,"y":222.0}]}}} at: [2026-06-18T20:25:40.087119200]
Sent data: {"cursors":{"5590":{"curse":"{\"radius\":10,\"width\":0,\"height\":0,\"color\":-65536,\"style\":0,\"ID\":5590,\"id\":5590}","points":[{"x":246.0,"y":231.0},{"x":248.0,"y":236.0},{"x":254.0,"y":242.0},{"x":258.0,"y":245.0},{"x":263.0,"y":245.0},{"x":266.0,"y":245.0},{"x":273.0,"y":241.0},{"x":278.0,"y":235.0},{"x":283.0,"y":229.0},{"x":286.0,"y":221.0}]}}} at: [2026-06-18T20:25:40.195118]
Sent data: {"cursors":{"5590":{"curse":"{\"radius\":10,\"width\":0,\"height\":0,\"color\":-65536,\"style\":0,\"ID\":5590,\"id\":5590}","points":[{"x":290.0,"y":207.0},{"x":290.0,"y":198.0},{"x":290.0,"y":186.0},{"x":289.0,"y":175.0},{"x":281.0,"y":156.0},{"x":275.0,"y":143.0},{"x":267.0,"y":129.0},{"x":260.0,"y":119.0},{"x":253.0,"y":110.0},{"x":245.0,"y":103.0},{"x":239.0,"y":99.0}]}}} at: [2026-06-18T20:25:40.304119200]
Sent data: {"cursors":{"5590":{"curse":"{\"radius\":10,\"width\":0,\"height\":0,\"color\":-65536,\"style\":0,\"ID\":5590,\"id\":5590}","points":[{"x":235.0,"y":98.0},{"x":230.0,"y":98.0},{"x":225.0,"y":99.0},{"x":222.0,"y":102.0},{"x":218.0,"y":105.0},{"x":215.0,"y":108.0},{"x":212.0,"y":111.0},{"x":208.0,"y":119.0},{"x":205.0,"y":126.0},{"x":203.0,"y":133.0}]}}} at: [2026-06-18T20:25:40.414117900]
Sent data: {"cursors":{"5590":{"curse":"{\"radius\":10,\"width\":0,\"height\":0,\"color\":-65536,\"style\":0,\"ID\":5590,\"id\":5590}","points":[{"x":201.0,"y":142.0},{"x":197.0,"y":157.0},{"x":195.0,"y":166.0},{"x":190.0,"y":178.0},{"x":184.0,"y":191.0},{"x":176.0,"y":208.0},{"x":165.0,"y":235.0},{"x":157.0,"y":261.0},{"x":151.0,"y":285.0},{"x":146.0,"y":305.0}]}}} at: [2026-06-18T20:25:40.524119900]
Sent data: {"cursors":{"5590":{"curse":"{\"radius\":10,\"width\":0,\"height\":0,\"color\":-65536,\"style\":0,\"ID\":5590,\"id\":5590}","points":[{"x":143.0,"y":328.0},{"x":141.0,"y":344.0},{"x":139.0,"y":355.0},{"x":139.0,"y":363.0},{"x":138.0,"y":372.0},{"x":138.0,"y":377.0},{"x":138.0,"y":382.0},{"x":138.0,"y":386.0},{"x":138.0,"y":390.0},{"x":138.0,"y":396.0}]}}} at: [2026-06-18T20:25:40.633118500]
Sent data: {"cursors":{"5590":{"curse":"{\"radius\":10,\"width\":0,\"height\":0,\"color\":-65536,\"style\":0,\"ID\":5590,\"id\":5590}","points":[{"x":139.0,"y":401.0},{"x":140.0,"y":406.0},{"x":141.0,"y":412.0},{"x":142.0,"y":422.0},{"x":143.0,"y":431.0},{"x":145.0,"y":442.0},{"x":148.0,"y":454.0},{"x":152.0,"y":470.0},{"x":155.0,"y":482.0},{"x":158.0,"y":491.0}]}}} at: [2026-06-18T20:25:40.738816100]
Sent data: {"cursors":{"5590":{"curse":"{\"radius\":10,\"width\":0,\"height\":0,\"color\":-65536,\"style\":0,\"ID\":5590,\"id\":5590}","points":[{"x":161.0,"y":499.0},{"x":165.0,"y":511.0},{"x":168.0,"y":518.0},{"x":170.0,"y":525.0},{"x":173.0,"y":531.0},{"x":177.0,"y":537.0},{"x":179.0,"y":542.0},{"x":182.0,"y":547.0},{"x":184.0,"y":550.0}]}}} at: [2026-06-18T20:25:40.847711600]
Sent data: {"cursors":{"5590":{"curse":"{\"radius\":10,\"width\":0,\"height\":0,\"color\":-65536,\"style\":0,\"ID\":5590,\"id\":5590}","points":[{"x":189.0,"y":557.0},{"x":193.0,"y":561.0},{"x":195.0,"y":563.0},{"x":199.0,"y":566.0},{"x":202.0,"y":568.0}]}}} at: [2026-06-18T20:25:40.956087100]
Sent data: {"cursors":{"5590":{"curse":"{\"radius\":10,\"width\":0,\"height\":0,\"color\":-65536,\"style\":0,\"ID\":5590,\"id\":5590}","points":[{"x":207.0,"y":571.0},{"x":214.0,"y":574.0},{"x":219.0,"y":575.0},{"x":230.0,"y":581.0},{"x":238.0,"y":583.0},{"x":243.0,"y":586.0},{"x":248.0,"y":587.0},{"x":251.0,"y":589.0}]}}} at: [2026-06-18T20:25:41.069234400]
Sent data: {"cursors":{"5590":{"curse":"{\"radius\":10,\"width\":0,\"height\":0,\"color\":-65536,\"style\":0,\"ID\":5590,\"id\":5590}","points":[{"x":263.0,"y":589.0},{"x":266.0,"y":589.0},{"x":268.0,"y":589.0},{"x":271.0,"y":587.0},{"x":274.0,"y":586.0},{"x":275.0,"y":585.0},{"x":277.0,"y":584.0}]}}} at: [2026-06-18T20:25:41.170422300]
Sent data: {"cursors":{"5590":{"curse":"{\"radius\":10,\"width\":0,\"height\":0,\"color\":-65536,\"style\":0,\"ID\":5590,\"id\":5590}","points":[{"x":279.0,"y":582.0},{"x":282.0,"y":581.0},{"x":284.0,"y":579.0},{"x":286.0,"y":578.0},{"x":288.0,"y":575.0},{"x":289.0,"y":574.0},{"x":290.0,"y":573.0},{"x":291.0,"y":571.0},{"x":293.0,"y":570.0},{"x":294.0,"y":569.0}]}}} at: [2026-06-18T20:25:41.279140400]
Sent data: {"cursors":{"5590":{"curse":"{\"radius\":10,\"width\":0,\"height\":0,\"color\":-65536,\"style\":0,\"ID\":5590,\"id\":5590}","points":[{"x":295.0,"y":568.0},{"x":297.0,"y":566.0},{"x":298.0,"y":564.0},{"x":302.0,"y":561.0},{"x":305.0,"y":558.0},{"x":307.0,"y":555.0},{"x":310.0,"y":552.0},{"x":314.0,"y":547.0},{"x":316.0,"y":546.0},{"x":317.0,"y":545.0}]}}} at: [2026-06-18T20:25:41.386137200]
Sent data: {"cursors":{"5590":{"curse":"{\"radius\":10,\"width\":0,\"height\":0,\"color\":-65536,\"style\":0,\"ID\":5590,\"id\":5590}","points":[{"x":318.0,"y":544.0},{"x":318.0,"y":542.0},{"x":319.0,"y":542.0},{"x":319.0,"y":542.0}]}}} at: [2026-06-18T20:25:41.495135]
Sent data: {"cursors":{"5590":{"curse":"{\"radius\":10,\"width\":0,\"height\":0,\"color\":-65536,\"style\":0,\"ID\":5590,\"id\":5590}","points":[{"x":319.0,"y":542.0},{"x":318.0,"y":545.0},{"x":315.0,"y":549.0},{"x":313.0,"y":554.0},{"x":311.0,"y":559.0},{"x":309.0,"y":566.0},{"x":307.0,"y":575.0}]}}} at: [2026-06-18T20:25:41.603128400]
Sent data: {"cursors":{"5590":{"curse":"{\"radius\":10,\"width\":0,\"height\":0,\"color\":-65536,\"style\":0,\"ID\":5590,\"id\":5590}","points":[{"x":306.0,"y":583.0},{"x":303.0,"y":590.0},{"x":302.0,"y":596.0},{"x":299.0,"y":603.0},{"x":296.0,"y":608.0},{"x":294.0,"y":611.0},{"x":291.0,"y":615.0},{"x":290.0,"y":618.0},{"x":287.0,"y":621.0},{"x":285.0,"y":623.0}]}}} at: [2026-06-18T20:25:41.714124300]
Sent data: {"cursors":{"5590":{"curse":"{\"radius\":10,\"width\":0,\"height\":0,\"color\":-65536,\"style\":0,\"ID\":5590,\"id\":5590}","points":[{"x":283.0,"y":625.0},{"x":281.0,"y":626.0},{"x":277.0,"y":628.0},{"x":273.0,"y":629.0},{"x":269.0,"y":630.0},{"x":266.0,"y":631.0},{"x":262.0,"y":632.0},{"x":259.0,"y":632.0},{"x":257.0,"y":632.0},{"x":254.0,"y":632.0},{"x":251.0,"y":632.0}]}}} at: [2026-06-18T20:25:41.819747300]
Sent data: {"cursors":{"5590":{"curse":"{\"radius\":10,\"width\":0,\"height\":0,\"color\":-65536,\"style\":0,\"ID\":5590,\"id\":5590}","points":[{"x":248.0,"y":630.0},{"x":245.0,"y":628.0},{"x":244.0,"y":626.0},{"x":243.0,"y":626.0},{"x":243.0,"y":625.0},{"x":243.0,"y":625.0},{"x":245.0,"y":623.0},{"x":246.0,"y":621.0}]}}} at: [2026-06-18T20:25:41.926753]
Sent data: {"cursors":{"5590":{"curse":"{\"radius\":10,\"width\":0,\"height\":0,\"color\":-65536,\"style\":0,\"ID\":5590,\"id\":5590}","points":[{"x":249.0,"y":619.0},{"x":251.0,"y":617.0},{"x":254.0,"y":614.0},{"x":259.0,"y":611.0},{"x":263.0,"y":609.0},{"x":267.0,"y":606.0},{"x":270.0,"y":602.0},{"x":275.0,"y":595.0},{"x":279.0,"y":590.0},{"x":282.0,"y":586.0}]}}} at: [2026-06-18T20:25:42.033397700]
Sent data: {"cursors":{"5590":{"curse":"{\"radius\":10,\"width\":0,\"height\":0,\"color\":-65536,\"style\":0,\"ID\":5590,\"id\":5590}","points":[{"x":285.0,"y":584.0},{"x":286.0,"y":583.0},{"x":286.0,"y":583.0},{"x":285.0,"y":588.0},{"x":283.0,"y":593.0},{"x":281.0,"y":599.0},{"x":279.0,"y":603.0},{"x":278.0,"y":606.0}]}}} at: [2026-06-18T20:25:42.142925700]
Sent data: {"cursors":{"5590":{"curse":"{\"radius\":10,\"width\":0,\"height\":0,\"color\":-65536,\"style\":0,\"ID\":5590,\"id\":5590}","points":[{"x":276.0,"y":609.0},{"x":276.0,"y":609.0},{"x":277.0,"y":609.0},{"x":279.0,"y":609.0},{"x":285.0,"y":607.0},{"x":290.0,"y":607.0},{"x":297.0,"y":606.0},{"x":307.0,"y":603.0}]}}} at: [2026-06-18T20:25:42.250917300]
Sent data: {"cursors":{"5590":{"curse":"{\"radius\":10,\"width\":0,\"height\":0,\"color\":-65536,\"style\":0,\"ID\":5590,\"id\":5590}","points":[{"x":318.0,"y":602.0},{"x":327.0,"y":602.0},{"x":335.0,"y":602.0},{"x":345.0,"y":602.0},{"x":350.0,"y":603.0},{"x":355.0,"y":605.0},{"x":358.0,"y":607.0},{"x":361.0,"y":611.0},{"x":362.0,"y":613.0},{"x":362.0,"y":615.0}]}}} at: [2026-06-18T20:25:42.361918]
Sent data: {"cursors":{"5590":{"curse":"{\"radius\":10,\"width\":0,\"height\":0,\"color\":-65536,\"style\":0,\"ID\":5590,\"id\":5590}","points":[{"x":362.0,"y":619.0},{"x":362.0,"y":623.0},{"x":362.0,"y":627.0},{"x":361.0,"y":631.0},{"x":361.0,"y":635.0},{"x":360.0,"y":638.0},{"x":359.0,"y":642.0},{"x":359.0,"y":644.0},{"x":359.0,"y":645.0}]}}} at: [2026-06-18T20:25:42.468915500]
Sent data: {"cursors":{"5590":{"curse":"{\"radius\":10,\"width\":0,\"height\":0,\"color\":-65536,\"style\":0,\"ID\":5590,\"id\":5590}","points":[{"x":359.0,"y":645.0},{"x":362.0,"y":645.0},{"x":366.0,"y":643.0},{"x":376.0,"y":640.0},{"x":383.0,"y":638.0},{"x":391.0,"y":636.0},{"x":398.0,"y":634.0},{"x":405.0,"y":632.0},{"x":413.0,"y":630.0}]}}} at: [2026-06-18T20:25:42.581918800]
Sent data: {"cursors":{"5590":{"curse":"{\"radius\":10,\"width\":0,\"height\":0,\"color\":-65536,\"style\":0,\"ID\":5590,\"id\":5590}","points":[{"x":418.0,"y":630.0},{"x":421.0,"y":630.0},{"x":421.0,"y":630.0},{"x":421.0,"y":630.0},{"x":420.0,"y":630.0},{"x":416.0,"y":635.0},{"x":411.0,"y":640.0},{"x":409.0,"y":643.0},{"x":406.0,"y":646.0}]}}} at: [2026-06-18T20:25:42.690915700]
Sent data: {"cursors":{"5590":{"curse":"{\"radius\":10,\"width\":0,\"height\":0,\"color\":-65536,\"style\":0,\"ID\":5590,\"id\":5590}","points":[{"x":403.0,"y":649.0},{"x":399.0,"y":653.0},{"x":396.0,"y":655.0},{"x":394.0,"y":657.0},{"x":393.0,"y":658.0}]}}} at: [2026-06-18T20:25:42.797586500]
Sent data: {"cursors":{"5590":{"curse":"{\"radius\":10,\"width\":0,\"height\":0,\"color\":-65536,\"style\":0,\"ID\":5590,\"id\":5590}","points":[{"x":394.0,"y":658.0},{"x":394.0,"y":658.0},{"x":396.0,"y":658.0},{"x":398.0,"y":658.0},{"x":401.0,"y":658.0},{"x":404.0,"y":658.0},{"x":407.0,"y":657.0},{"x":414.0,"y":654.0}]}}} at: [2026-06-18T20:25:42.903243300]
Sent data: {"cursors":{"5590":{"curse":"{\"radius\":10,\"width\":0,\"height\":0,\"color\":-65536,\"style\":0,\"ID\":5590,\"id\":5590}","points":[{"x":419.0,"y":652.0},{"x":425.0,"y":650.0},{"x":430.0,"y":647.0},{"x":440.0,"y":643.0},{"x":450.0,"y":638.0},{"x":466.0,"y":630.0},{"x":480.0,"y":623.0},{"x":501.0,"y":611.0},{"x":518.0,"y":603.0},{"x":535.0,"y":597.0},{"x":550.0,"y":593.0}]}}} at: [2026-06-18T20:25:43.011246500]
Sent data: {"cursors":{"5590":{"curse":"{\"radius\":10,\"width\":0,\"height\":0,\"color\":-65536,\"style\":0,\"ID\":5590,\"id\":5590}","points":[{"x":561.0,"y":590.0},{"x":575.0,"y":588.0},{"x":585.0,"y":587.0},{"x":595.0,"y":587.0},{"x":603.0,"y":587.0},{"x":614.0,"y":587.0},{"x":622.0,"y":587.0},{"x":631.0,"y":587.0},{"x":638.0,"y":587.0}]}}} at: [2026-06-18T20:25:43.120778800]
Sent data: {"cursors":{"5590":{"curse":"{\"radius\":10,\"width\":0,\"height\":0,\"color\":-65536,\"style\":0,\"ID\":5590,\"id\":5590}","points":[{"x":648.0,"y":585.0},{"x":654.0,"y":583.0},{"x":660.0,"y":582.0},{"x":666.0,"y":580.0},{"x":671.0,"y":578.0},{"x":679.0,"y":575.0},{"x":685.0,"y":572.0},{"x":690.0,"y":569.0},{"x":695.0,"y":567.0},{"x":699.0,"y":565.0},{"x":706.0,"y":562.0}]}}} at: [2026-06-18T20:25:43.231781]
Sent data: {"cursors":{"5590":{"curse":"{\"radius\":10,\"width\":0,\"height\":0,\"color\":-65536,\"style\":0,\"ID\":5590,\"id\":5590}","points":[{"x":712.0,"y":559.0},{"x":717.0,"y":556.0},{"x":721.0,"y":553.0},{"x":725.0,"y":547.0},{"x":728.0,"y":541.0},{"x":730.0,"y":534.0},{"x":733.0,"y":527.0},{"x":735.0,"y":518.0},{"x":738.0,"y":503.0},{"x":741.0,"y":490.0},{"x":743.0,"y":479.0}]}}} at: [2026-06-18T20:25:43.338777500]
Sent data: {"cursors":{"5590":{"curse":"{\"radius\":10,\"width\":0,\"height\":0,\"color\":-65536,\"style\":0,\"ID\":5590,\"id\":5590}","points":[{"x":744.0,"y":467.0},{"x":746.0,"y":451.0},{"x":747.0,"y":439.0},{"x":747.0,"y":430.0},{"x":748.0,"y":417.0},{"x":749.0,"y":403.0},{"x":749.0,"y":393.0},{"x":749.0,"y":380.0},{"x":749.0,"y":371.0},{"x":749.0,"y":362.0}]}}} at: [2026-06-18T20:25:43.448779700]
Sent data: {"cursors":{"5590":{"curse":"{\"radius\":10,\"width\":0,\"height\":0,\"color\":-65536,\"style\":0,\"ID\":5590,\"id\":5590}","points":[{"x":750.0,"y":349.0},{"x":750.0,"y":340.0},{"x":751.0,"y":332.0},{"x":751.0,"y":325.0},{"x":752.0,"y":313.0},{"x":753.0,"y":304.0},{"x":753.0,"y":295.0},{"x":753.0,"y":287.0},{"x":753.0,"y":275.0}]}}} at: [2026-06-18T20:25:43.558791800]
Sent data: {"cursors":{"5590":{"curse":"{\"radius\":10,\"width\":0,\"height\":0,\"color\":-65536,\"style\":0,\"ID\":5590,\"id\":5590}","points":[{"x":753.0,"y":268.0},{"x":753.0,"y":257.0},{"x":753.0,"y":251.0},{"x":753.0,"y":238.0},{"x":753.0,"y":228.0},{"x":753.0,"y":220.0},{"x":753.0,"y":213.0},{"x":753.0,"y":200.0},{"x":753.0,"y":190.0}]}}} at: [2026-06-18T20:25:43.665782700]
Sent data: {"cursors":{"5590":{"curse":"{\"radius\":10,\"width\":0,\"height\":0,\"color\":-65536,\"style\":0,\"ID\":5590,\"id\":5590}","points":[{"x":753.0,"y":177.0},{"x":752.0,"y":167.0},{"x":751.0,"y":160.0},{"x":750.0,"y":153.0},{"x":749.0,"y":146.0},{"x":747.0,"y":136.0},{"x":746.0,"y":130.0},{"x":745.0,"y":123.0},{"x":745.0,"y":118.0}]}}} at: [2026-06-18T20:25:43.777384]
Sent data: {"cursors":{"5590":{"curse":"{\"radius\":10,\"width\":0,\"height\":0,\"color\":-65536,\"style\":0,\"ID\":5590,\"id\":5590}","points":[{"x":743.0,"y":109.0},{"x":742.0,"y":103.0},{"x":741.0,"y":95.0},{"x":738.0,"y":88.0},{"x":737.0,"y":79.0},{"x":735.0,"y":70.0},{"x":734.0,"y":64.0},{"x":733.0,"y":59.0},{"x":732.0,"y":53.0},{"x":730.0,"y":45.0},{"x":729.0,"y":38.0}]}}} at: [2026-06-18T20:25:43.886379200]
Sent data: {"cursors":{"5590":{"curse":"{\"radius\":10,\"width\":0,\"height\":0,\"color\":-65536,\"style\":0,\"ID\":5590,\"id\":5590}","points":[{"x":727.0,"y":31.0},{"x":725.0,"y":25.0},{"x":723.0,"y":19.0},{"x":723.0,"y":11.0}]}}} at: [2026-06-18T20:25:43.994379100]
Sent data: {"cursors":{"5590":{"curse":"{\"radius\":10,\"width\":0,\"height\":0,\"color\":-65536,\"style\":0,\"ID\":5590,\"id\":5590}","points":[{"x":713.0,"y":10.0},{"x":711.0,"y":14.0},{"x":709.0,"y":18.0},{"x":707.0,"y":25.0},{"x":706.0,"y":31.0}]}}} at: [2026-06-18T20:25:44.103595600]
Sent data: {"cursors":{"5590":{"curse":"{\"radius\":10,\"width\":0,\"height\":0,\"color\":-65536,\"style\":0,\"ID\":5590,\"id\":5590}","points":[{"x":705.0,"y":43.0},{"x":703.0,"y":54.0},{"x":703.0,"y":63.0},{"x":703.0,"y":73.0},{"x":706.0,"y":102.0},{"x":707.0,"y":123.0}]}}} at: [2026-06-18T20:25:44.212597300]
Sent data: {"cursors":{"5590":{"curse":"{\"radius\":10,\"width\":0,\"height\":0,\"color\":-65536,\"style\":0,\"ID\":5590,\"id\":5590}","points":[{"x":707.0,"y":134.0},{"x":706.0,"y":141.0},{"x":706.0,"y":148.0},{"x":705.0,"y":162.0},{"x":704.0,"y":177.0},{"x":704.0,"y":186.0},{"x":704.0,"y":203.0}]}}} at: [2026-06-18T20:25:44.320995700]
Sent data: {"cursors":{"5590":{"curse":"{\"radius\":10,\"width\":0,\"height\":0,\"color\":-65536,\"style\":0,\"ID\":5590,\"id\":5590}","points":[{"x":704.0,"y":210.0},{"x":704.0,"y":216.0},{"x":703.0,"y":226.0},{"x":702.0,"y":235.0},{"x":702.0,"y":241.0},{"x":703.0,"y":253.0},{"x":703.0,"y":259.0},{"x":703.0,"y":265.0}]}}} at: [2026-06-18T20:25:44.432028600]
Sent data: {"cursors":{"5590":{"curse":"{\"radius\":10,\"width\":0,\"height\":0,\"color\":-65536,\"style\":0,\"ID\":5590,\"id\":5590}","points":[{"x":704.0,"y":274.0},{"x":705.0,"y":279.0},{"x":705.0,"y":285.0},{"x":705.0,"y":289.0},{"x":706.0,"y":297.0},{"x":706.0,"y":301.0},{"x":707.0,"y":305.0},{"x":707.0,"y":310.0},{"x":707.0,"y":315.0}]}}} at: [2026-06-18T20:25:44.541027800]
Sent data: {"cursors":{"5590":{"curse":"{\"radius\":10,\"width\":0,\"height\":0,\"color\":-65536,\"style\":0,\"ID\":5590,\"id\":5590}","points":[{"x":708.0,"y":321.0},{"x":709.0,"y":326.0},{"x":710.0,"y":331.0},{"x":711.0,"y":339.0},{"x":711.0,"y":345.0},{"x":713.0,"y":352.0},{"x":713.0,"y":358.0},{"x":713.0,"y":364.0},{"x":714.0,"y":373.0},{"x":715.0,"y":382.0}]}}} at: [2026-06-18T20:25:44.651024900]
Sent data: {"cursors":{"5590":{"curse":"{\"radius\":10,\"width\":0,\"height\":0,\"color\":-65536,\"style\":0,\"ID\":5590,\"id\":5590}","points":[{"x":716.0,"y":388.0},{"x":717.0,"y":396.0},{"x":717.0,"y":401.0},{"x":718.0,"y":407.0},{"x":718.0,"y":413.0},{"x":719.0,"y":417.0},{"x":719.0,"y":424.0},{"x":720.0,"y":429.0},{"x":720.0,"y":435.0},{"x":721.0,"y":440.0}]}}} at: [2026-06-18T20:25:44.759697100]
Sent data: {"cursors":{"5590":{"curse":"{\"radius\":10,\"width\":0,\"height\":0,\"color\":-65536,\"style\":0,\"ID\":5590,\"id\":5590}","points":[{"x":721.0,"y":447.0},{"x":721.0,"y":452.0},{"x":721.0,"y":459.0},{"x":722.0,"y":465.0},{"x":723.0,"y":470.0},{"x":725.0,"y":477.0},{"x":725.0,"y":482.0},{"x":726.0,"y":487.0},{"x":726.0,"y":492.0},{"x":727.0,"y":498.0},{"x":728.0,"y":502.0}]}}} at: [2026-06-18T20:25:44.866695700]
Sent data: {"cursors":{"5590":{"curse":"{\"radius\":10,\"width\":0,\"height\":0,\"color\":-65536,\"style\":0,\"ID\":5590,\"id\":5590}","points":[{"x":728.0,"y":506.0},{"x":728.0,"y":509.0},{"x":729.0,"y":511.0},{"x":729.0,"y":515.0},{"x":729.0,"y":518.0},{"x":729.0,"y":521.0},{"x":729.0,"y":524.0},{"x":729.0,"y":529.0},{"x":729.0,"y":533.0},{"x":729.0,"y":537.0}]}}} at: [2026-06-18T20:25:44.975356600]
Sent data: {"cursors":{"5590":{"curse":"{\"radius\":10,\"width\":0,\"height\":0,\"color\":-65536,\"style\":0,\"ID\":5590,\"id\":5590}","points":[{"x":728.0,"y":540.0},{"x":727.0,"y":545.0},{"x":727.0,"y":548.0},{"x":726.0,"y":550.0},{"x":726.0,"y":553.0},{"x":725.0,"y":555.0},{"x":725.0,"y":558.0},{"x":724.0,"y":561.0},{"x":723.0,"y":565.0},{"x":723.0,"y":567.0}]}}} at: [2026-06-18T20:25:45.082898500]
Sent data: {"cursors":{"5590":{"curse":"{\"radius\":10,\"width\":0,\"height\":0,\"color\":-65536,\"style\":0,\"ID\":5590,\"id\":5590}","points":[{"x":723.0,"y":570.0},{"x":723.0,"y":570.0},{"x":723.0,"y":571.0},{"x":723.0,"y":571.0},{"x":723.0,"y":573.0},{"x":723.0,"y":573.0},{"x":723.0,"y":574.0},{"x":723.0,"y":574.0},{"x":723.0,"y":575.0},{"x":724.0,"y":575.0}]}}} at: [2026-06-18T20:25:45.192897200]
Sent data: {"cursors":{"5590":{"curse":"{\"radius\":10,\"width\":0,\"height\":0,\"color\":-65536,\"style\":0,\"ID\":5590,\"id\":5590}","points":[{"x":724.0,"y":575.0},{"x":724.0,"y":576.0},{"x":724.0,"y":577.0}]}}} at: [2026-06-18T20:25:45.298896500]
Sent data: {"cursors":{"5590":{"curse":"{\"radius\":10,\"width\":0,\"height\":0,\"color\":-65536,\"style\":0,\"ID\":5590,\"id\":5590}","points":[{"x":723.0,"y":577.0},{"x":723.0,"y":577.0},{"x":721.0,"y":578.0},{"x":719.0,"y":578.0},{"x":717.0,"y":578.0},{"x":713.0,"y":578.0},{"x":706.0,"y":578.0},{"x":701.0,"y":578.0},{"x":696.0,"y":577.0},{"x":691.0,"y":577.0}]}}} at: [2026-06-18T20:25:45.405900200]
Sent data: {"cursors":{"5590":{"curse":"{\"radius\":10,\"width\":0,\"height\":0,\"color\":-65536,\"style\":0,\"ID\":5590,\"id\":5590}","points":[{"x":685.0,"y":576.0},{"x":682.0,"y":575.0},{"x":677.0,"y":574.0},{"x":673.0,"y":573.0},{"x":668.0,"y":571.0},{"x":663.0,"y":570.0},{"x":659.0,"y":566.0},{"x":654.0,"y":560.0},{"x":649.0,"y":553.0},{"x":645.0,"y":542.0},{"x":643.0,"y":533.0}]}}} at: [2026-06-18T20:25:45.515896800]
Sent data: {"cursors":{"5590":{"curse":"{\"radius\":10,\"width\":0,\"height\":0,\"color\":-65536,\"style\":0,\"ID\":5590,\"id\":5590}","points":[{"x":643.0,"y":523.0},{"x":644.0,"y":510.0},{"x":644.0,"y":496.0},{"x":643.0,"y":470.0},{"x":641.0,"y":450.0},{"x":640.0,"y":434.0},{"x":640.0,"y":419.0},{"x":643.0,"y":394.0},{"x":645.0,"y":375.0},{"x":646.0,"y":355.0}]}}} at: [2026-06-18T20:25:45.626114500]
Sent data: {"cursors":{"5590":{"curse":"{\"radius\":10,\"width\":0,\"height\":0,\"color\":-65536,\"style\":0,\"ID\":5590,\"id\":5590}","points":[{"x":646.0,"y":335.0},{"x":645.0,"y":314.0},{"x":645.0,"y":292.0},{"x":647.0,"y":279.0},{"x":649.0,"y":269.0},{"x":650.0,"y":262.0},{"x":651.0,"y":251.0},{"x":651.0,"y":242.0},{"x":651.0,"y":233.0},{"x":650.0,"y":225.0}]}}} at: [2026-06-18T20:25:45.732112700]
Sent data: {"cursors":{"5590":{"curse":"{\"radius\":10,\"width\":0,\"height\":0,\"color\":-65536,\"style\":0,\"ID\":5590,\"id\":5590}","points":[{"x":651.0,"y":216.0},{"x":653.0,"y":212.0},{"x":654.0,"y":210.0},{"x":655.0,"y":208.0},{"x":658.0,"y":205.0},{"x":658.0,"y":202.0},{"x":659.0,"y":199.0},{"x":660.0,"y":197.0},{"x":661.0,"y":193.0},{"x":661.0,"y":190.0}]}}} at: [2026-06-18T20:25:45.841734300]
Sent data: {"cursors":{"5590":{"curse":"{\"radius\":10,\"width\":0,\"height\":0,\"color\":-65536,\"style\":0,\"ID\":5590,\"id\":5590}","points":[{"x":662.0,"y":187.0},{"x":662.0,"y":186.0},{"x":662.0,"y":185.0},{"x":662.0,"y":184.0},{"x":659.0,"y":181.0},{"x":656.0,"y":178.0},{"x":650.0,"y":173.0},{"x":647.0,"y":169.0},{"x":642.0,"y":165.0},{"x":639.0,"y":162.0},{"x":636.0,"y":160.0}]}}} at: [2026-06-18T20:25:45.949461400]
Sent data: {"cursors":{"5590":{"curse":"{\"radius\":10,\"width\":0,\"height\":0,\"color\":-65536,\"style\":0,\"ID\":5590,\"id\":5590}","points":[{"x":632.0,"y":158.0},{"x":626.0,"y":153.0},{"x":620.0,"y":150.0},{"x":615.0,"y":146.0},{"x":609.0,"y":141.0},{"x":600.0,"y":137.0},{"x":594.0,"y":134.0},{"x":591.0,"y":134.0},{"x":588.0,"y":134.0},{"x":583.0,"y":133.0}]}}} at: [2026-06-18T20:25:46.059991500]
Sent data: {"cursors":{"5590":{"curse":"{\"radius\":10,\"width\":0,\"height\":0,\"color\":-65536,\"style\":0,\"ID\":5590,\"id\":5590}","points":[{"x":577.0,"y":133.0},{"x":571.0,"y":133.0},{"x":566.0,"y":132.0},{"x":559.0,"y":132.0},{"x":549.0,"y":131.0},{"x":541.0,"y":129.0},{"x":535.0,"y":128.0},{"x":531.0,"y":128.0},{"x":526.0,"y":128.0},{"x":519.0,"y":128.0}]}}} at: [2026-06-18T20:25:46.165990800]
Sent data: {"cursors":{"5590":{"curse":"{\"radius\":10,\"width\":0,\"height\":0,\"color\":-65536,\"style\":0,\"ID\":5590,\"id\":5590}","points":[{"x":514.0,"y":129.0},{"x":507.0,"y":129.0},{"x":501.0,"y":129.0},{"x":493.0,"y":129.0},{"x":486.0,"y":129.0},{"x":480.0,"y":129.0},{"x":474.0,"y":129.0},{"x":466.0,"y":129.0},{"x":461.0,"y":129.0},{"x":456.0,"y":129.0},{"x":450.0,"y":128.0}]}}} at: [2026-06-18T20:25:46.272990100]
Sent data: {"cursors":{"5590":{"curse":"{\"radius\":10,\"width\":0,\"height\":0,\"color\":-65536,\"style\":0,\"ID\":5590,\"id\":5590}","points":[{"x":445.0,"y":127.0},{"x":437.0,"y":126.0},{"x":430.0,"y":125.0},{"x":425.0,"y":124.0},{"x":420.0,"y":123.0},{"x":413.0,"y":123.0},{"x":407.0,"y":123.0},{"x":404.0,"y":122.0},{"x":400.0,"y":122.0},{"x":394.0,"y":121.0}]}}} at: [2026-06-18T20:25:46.382989200]
Sent data: {"cursors":{"5590":{"curse":"{\"radius\":10,\"width\":0,\"height\":0,\"color\":-65536,\"style\":0,\"ID\":5590,\"id\":5590}","points":[{"x":387.0,"y":119.0},{"x":379.0,"y":118.0},{"x":375.0,"y":117.0},{"x":368.0,"y":115.0},{"x":365.0,"y":115.0},{"x":362.0,"y":115.0},{"x":359.0,"y":114.0},{"x":354.0,"y":114.0}]}}} at: [2026-06-18T20:25:46.490988900]
Sent data: {"cursors":{"5590":{"curse":"{\"radius\":10,\"width\":0,\"height\":0,\"color\":-65536,\"style\":0,\"ID\":5590,\"id\":5590}","points":[{"x":350.0,"y":114.0},{"x":346.0,"y":113.0},{"x":342.0,"y":113.0},{"x":337.0,"y":113.0},{"x":333.0,"y":113.0},{"x":328.0,"y":113.0},{"x":324.0,"y":113.0},{"x":320.0,"y":112.0},{"x":315.0,"y":111.0},{"x":311.0,"y":111.0},{"x":307.0,"y":110.0}]}}} at: [2026-06-18T20:25:46.600991500]
Sent data: {"cursors":{"5590":{"curse":"{\"radius\":10,\"width\":0,\"height\":0,\"color\":-65536,\"style\":0,\"ID\":5590,\"id\":5590}","points":[{"x":302.0,"y":109.0},{"x":295.0,"y":107.0},{"x":291.0,"y":107.0},{"x":288.0,"y":107.0},{"x":284.0,"y":106.0},{"x":281.0,"y":106.0},{"x":276.0,"y":105.0},{"x":271.0,"y":104.0},{"x":269.0,"y":103.0},{"x":265.0,"y":102.0}]}}} at: [2026-06-18T20:25:46.708993200]
Sent data: {"cursors":{"5590":{"curse":"{\"radius\":10,\"width\":0,\"height\":0,\"color\":-65536,\"style\":0,\"ID\":5590,\"id\":5590}","points":[{"x":261.0,"y":102.0},{"x":258.0,"y":102.0},{"x":254.0,"y":102.0},{"x":251.0,"y":102.0},{"x":247.0,"y":101.0},{"x":243.0,"y":101.0},{"x":239.0,"y":101.0},{"x":236.0,"y":101.0},{"x":233.0,"y":101.0},{"x":229.0,"y":101.0}]}}} at: [2026-06-18T20:25:46.815667700]
Sent data: {"cursors":{"5590":{"curse":"{\"radius\":10,\"width\":0,\"height\":0,\"color\":-65536,\"style\":0,\"ID\":5590,\"id\":5590}","points":[{"x":226.0,"y":101.0},{"x":222.0,"y":101.0},{"x":219.0,"y":101.0},{"x":214.0,"y":101.0},{"x":210.0,"y":102.0},{"x":207.0,"y":102.0},{"x":203.0,"y":102.0},{"x":199.0,"y":103.0},{"x":195.0,"y":104.0},{"x":191.0,"y":105.0},{"x":188.0,"y":106.0}]}}} at: [2026-06-18T20:25:46.924662800]
Sent data: {"cursors":{"5590":{"curse":"{\"radius\":10,\"width\":0,\"height\":0,\"color\":-65536,\"style\":0,\"ID\":5590,\"id\":5590}","points":[{"x":185.0,"y":106.0},{"x":179.0,"y":107.0},{"x":177.0,"y":108.0},{"x":173.0,"y":108.0},{"x":170.0,"y":109.0},{"x":167.0,"y":109.0},{"x":164.0,"y":109.0},{"x":161.0,"y":109.0},{"x":158.0,"y":109.0},{"x":156.0,"y":109.0}]}}} at: [2026-06-18T20:25:47.035668800]
Sent data: {"cursors":{"5590":{"curse":"{\"radius\":10,\"width\":0,\"height\":0,\"color\":-65536,\"style\":0,\"ID\":5590,\"id\":5590}","points":[{"x":152.0,"y":110.0},{"x":149.0,"y":110.0},{"x":147.0,"y":110.0},{"x":144.0,"y":111.0},{"x":142.0,"y":111.0},{"x":138.0,"y":111.0},{"x":136.0,"y":112.0},{"x":135.0,"y":112.0},{"x":132.0,"y":112.0},{"x":130.0,"y":113.0}]}}} at: [2026-06-18T20:25:47.144196200]
Sent data: {"cursors":{"5590":{"curse":"{\"radius\":10,\"width\":0,\"height\":0,\"color\":-65536,\"style\":0,\"ID\":5590,\"id\":5590}","points":[{"x":129.0,"y":113.0},{"x":128.0,"y":113.0},{"x":127.0,"y":113.0},{"x":125.0,"y":114.0},{"x":125.0,"y":114.0},{"x":123.0,"y":114.0},{"x":122.0,"y":114.0},{"x":122.0,"y":115.0}]}}} at: [2026-06-18T20:25:47.252689500]
Sent data: {"cursors":{"5590":{"curse":"{\"radius\":10,\"width\":0,\"height\":0,\"color\":-65536,\"style\":0,\"ID\":5590,\"id\":5590}","points":[{"x":121.0,"y":115.0},{"x":120.0,"y":115.0}]}}} at: [2026-06-18T20:25:47.362687800]
Sent data: {"cursors":{"5590":{"curse":"{\"radius\":10,\"width\":0,\"height\":0,\"color\":-65536,\"style\":0,\"ID\":5590,\"id\":5590}","points":[{"x":119.0,"y":115.0},{"x":118.0,"y":115.0},{"x":118.0,"y":115.0},{"x":118.0,"y":116.0},{"x":117.0,"y":116.0},{"x":116.0,"y":116.0},{"x":115.0,"y":116.0},{"x":115.0,"y":117.0},{"x":114.0,"y":117.0},{"x":113.0,"y":117.0}]}}} at: [2026-06-18T20:25:47.471687600]
Sent data: {"cursors":{"5590":{"curse":"{\"radius\":10,\"width\":0,\"height\":0,\"color\":-65536,\"style\":0,\"ID\":5590,\"id\":5590}","points":[{"x":111.0,"y":118.0},{"x":110.0,"y":118.0},{"x":109.0,"y":118.0},{"x":106.0,"y":119.0},{"x":104.0,"y":119.0},{"x":102.0,"y":119.0},{"x":100.0,"y":119.0},{"x":98.0,"y":120.0},{"x":95.0,"y":121.0},{"x":92.0,"y":121.0},{"x":89.0,"y":121.0}]}}} at: [2026-06-18T20:25:47.581688900]
Sent data: {"cursors":{"5590":{"curse":"{\"radius\":10,\"width\":0,\"height\":0,\"color\":-65536,\"style\":0,\"ID\":5590,\"id\":5590}","points":[{"x":87.0,"y":121.0},{"x":84.0,"y":121.0},{"x":82.0,"y":121.0},{"x":79.0,"y":121.0},{"x":77.0,"y":121.0},{"x":74.0,"y":121.0},{"x":73.0,"y":120.0},{"x":71.0,"y":119.0},{"x":69.0,"y":119.0},{"x":68.0,"y":119.0}]}}} at: [2026-06-18T20:25:47.692686400]
Sent data: {"cursors":{"5590":{"curse":"{\"radius\":10,\"width\":0,\"height\":0,\"color\":-65536,\"style\":0,\"ID\":5590,\"id\":5590}","points":[{"x":67.0,"y":119.0},{"x":66.0,"y":118.0},{"x":66.0,"y":118.0},{"x":65.0,"y":118.0},{"x":65.0,"y":118.0},{"x":63.0,"y":118.0},{"x":62.0,"y":119.0},{"x":61.0,"y":121.0},{"x":59.0,"y":123.0},{"x":58.0,"y":127.0}]}}} at: [2026-06-18T20:25:47.801373100]
Sent data: {"cursors":{"5590":{"curse":"{\"radius\":10,\"width\":0,\"height\":0,\"color\":-65536,\"style\":0,\"ID\":5590,\"id\":5590}","points":[{"x":56.0,"y":132.0},{"x":54.0,"y":138.0},{"x":53.0,"y":145.0},{"x":51.0,"y":159.0},{"x":50.0,"y":169.0},{"x":49.0,"y":178.0},{"x":49.0,"y":187.0},{"x":48.0,"y":200.0},{"x":47.0,"y":209.0},{"x":47.0,"y":218.0}]}}} at: [2026-06-18T20:25:47.909375300]
Sent data: {"cursors":{"5590":{"curse":"{\"radius\":10,\"width\":0,\"height\":0,\"color\":-65536,\"style\":0,\"ID\":5590,\"id\":5590}","points":[{"x":47.0,"y":226.0},{"x":46.0,"y":239.0},{"x":46.0,"y":250.0},{"x":46.0,"y":262.0},{"x":46.0,"y":273.0},{"x":47.0,"y":283.0},{"x":48.0,"y":297.0},{"x":48.0,"y":305.0},{"x":48.0,"y":313.0},{"x":48.0,"y":320.0}]}}} at: [2026-06-18T20:25:48.018375500]
Sent data: {"cursors":{"5590":{"curse":"{\"radius\":10,\"width\":0,\"height\":0,\"color\":-65536,\"style\":0,\"ID\":5590,\"id\":5590}","points":[{"x":47.0,"y":330.0},{"x":47.0,"y":338.0},{"x":46.0,"y":346.0},{"x":45.0,"y":353.0},{"x":45.0,"y":359.0},{"x":43.0,"y":367.0},{"x":43.0,"y":374.0},{"x":42.0,"y":380.0},{"x":41.0,"y":386.0},{"x":41.0,"y":392.0},{"x":39.0,"y":401.0}]}}} at: [2026-06-18T20:25:48.127462600]
Sent data: {"cursors":{"5590":{"curse":"{\"radius\":10,\"width\":0,\"height\":0,\"color\":-65536,\"style\":0,\"ID\":5590,\"id\":5590}","points":[{"x":38.0,"y":407.0},{"x":37.0,"y":413.0},{"x":35.0,"y":417.0},{"x":34.0,"y":423.0},{"x":33.0,"y":428.0},{"x":33.0,"y":433.0},{"x":33.0,"y":437.0},{"x":31.0,"y":443.0},{"x":31.0,"y":449.0},{"x":30.0,"y":454.0}]}}} at: [2026-06-18T20:25:48.237463600]
Sent data: {"cursors":{"5590":{"curse":"{\"radius\":10,\"width\":0,\"height\":0,\"color\":-65536,\"style\":0,\"ID\":5590,\"id\":5590}","points":[{"x":30.0,"y":463.0},{"x":30.0,"y":470.0},{"x":30.0,"y":477.0},{"x":30.0,"y":482.0},{"x":30.0,"y":487.0},{"x":30.0,"y":494.0},{"x":30.0,"y":500.0},{"x":30.0,"y":506.0},{"x":30.0,"y":511.0}]}}} at: [2026-06-18T20:25:48.347466700]
Sent data: {"cursors":{"5590":{"curse":"{\"radius\":10,\"width\":0,\"height\":0,\"color\":-65536,\"style\":0,\"ID\":5590,\"id\":5590}","points":[{"x":31.0,"y":518.0},{"x":31.0,"y":523.0},{"x":32.0,"y":529.0},{"x":32.0,"y":534.0},{"x":33.0,"y":539.0},{"x":34.0,"y":546.0},{"x":34.0,"y":551.0},{"x":34.0,"y":555.0},{"x":35.0,"y":559.0},{"x":35.0,"y":563.0},{"x":37.0,"y":569.0}]}}} at: [2026-06-18T20:25:48.455466800]
Sent data: {"cursors":{"5590":{"curse":"{\"radius\":10,\"width\":0,\"height\":0,\"color\":-65536,\"style\":0,\"ID\":5590,\"id\":5590}","points":[{"x":37.0,"y":573.0},{"x":38.0,"y":576.0},{"x":38.0,"y":581.0},{"x":39.0,"y":585.0},{"x":41.0,"y":590.0},{"x":42.0,"y":594.0},{"x":43.0,"y":597.0},{"x":45.0,"y":602.0},{"x":47.0,"y":608.0}]}}} at: [2026-06-18T20:25:48.563463500]
Sent data: {"cursors":{"5590":{"curse":"{\"radius\":10,\"width\":0,\"height\":0,\"color\":-65536,\"style\":0,\"ID\":5590,\"id\":5590}","points":[{"x":48.0,"y":611.0},{"x":50.0,"y":615.0},{"x":53.0,"y":619.0},{"x":54.0,"y":621.0},{"x":57.0,"y":623.0},{"x":58.0,"y":625.0},{"x":61.0,"y":626.0},{"x":63.0,"y":628.0}]}}} at: [2026-06-18T20:25:48.675476600]
Sent data: {"cursors":{"5590":{"curse":"{\"radius\":10,\"width\":0,\"height\":0,\"color\":-65536,\"style\":0,\"ID\":5590,\"id\":5590}","points":[{"x":65.0,"y":629.0},{"x":65.0,"y":629.0},{"x":66.0,"y":629.0},{"x":66.0,"y":629.0}]}}} at: [2026-06-18T20:25:48.781466]
Sent data: {"cursors":{"5590":{"curse":"{\"radius\":10,\"width\":0,\"height\":0,\"color\":-65536,\"style\":0,\"ID\":5590,\"id\":5590}","points":[]}}} at: [2026-06-18T20:25:48.887882900]
Sent data: {"cursors":{"5590":{"curse":"{\"radius\":10,\"width\":0,\"height\":0,\"color\":-65536,\"style\":0,\"ID\":5590,\"id\":5590}","points":[]}}} at: [2026-06-18T20:25:48.998350800]
Sent data: {"cursors":{"5590":{"curse":"{\"radius\":10,\"width\":0,\"height\":0,\"color\":-65536,\"style\":0,\"ID\":5590,\"id\":5590}","points":[]}}} at: [2026-06-18T20:25:49.109111]
Sent data: {"cursors":{"5590":{"curse":"{\"radius\":10,\"width\":0,\"height\":0,\"color\":-65536,\"style\":0,\"ID\":5590,\"id\":5590}","points":[]}}} at: [2026-06-18T20:25:49.217109600]
Sent data: {"cursors":{"5590":{"curse":"{\"radius\":10,\"width\":0,\"height\":0,\"color\":-65536,\"style\":0,\"ID\":5590,\"id\":5590}","points":[]}}} at: [2026-06-18T20:25:49.325538800]
Sent data: {"cursors":{"5590":{"curse":"{\"radius\":10,\"width\":0,\"height\":0,\"color\":-65536,\"style\":0,\"ID\":5590,\"id\":5590}","points":[]}}} at: [2026-06-18T20:25:49.430535100]
Sent data: {"cursors":{"5590":{"curse":"{\"radius\":10,\"width\":0,\"height\":0,\"color\":-65536,\"style\":0,\"ID\":5590,\"id\":5590}","points":[]}}} at: [2026-06-18T20:25:49.540689300]
Sent data: {"cursors":{"5590":{"curse":"{\"radius\":10,\"width\":0,\"height\":0,\"color\":-65536,\"style\":0,\"ID\":5590,\"id\":5590}","points":[]}}} at: [2026-06-18T20:25:49.646692100]
Sent data: {"cursors":{"5590":{"curse":"{\"radius\":10,\"width\":0,\"height\":0,\"color\":-65536,\"style\":0,\"ID\":5590,\"id\":5590}","points":[]}}} at: [2026-06-18T20:25:49.756370300]
Sent data: {"cursors":{"5590":{"curse":"{\"radius\":10,\"width\":0,\"height\":0,\"color\":-65536,\"style\":0,\"ID\":5590,\"id\":5590}","points":[]}}} at: [2026-06-18T20:25:49.863052200]
Sent data: {"cursors":{"5590":{"curse":"{\"radius\":10,\"width\":0,\"height\":0,\"color\":-65536,\"style\":0,\"ID\":5590,\"id\":5590}","points":[]}}} at: [2026-06-18T20:25:49.971690500]
Sent data: {"cursors":{"5590":{"curse":"{\"radius\":10,\"width\":0,\"height\":0,\"color\":-65536,\"style\":0,\"ID\":5590,\"id\":5590}","points":[]}}} at: [2026-06-18T20:25:50.082021900]
Sent data: {"cursors":{"5590":{"curse":"{\"radius\":10,\"width\":0,\"height\":0,\"color\":-65536,\"style\":0,\"ID\":5590,\"id\":5590}","points":[]}}} at: [2026-06-18T20:25:50.190021800]
Sent data: {"cursors":{"5590":{"curse":"{\"radius\":10,\"width\":0,\"height\":0,\"color\":-65536,\"style\":0,\"ID\":5590,\"id\":5590}","points":[]}}} at: [2026-06-18T20:25:50.294972800]
Sent data: {"cursors":{"5590":{"curse":"{\"radius\":10,\"width\":0,\"height\":0,\"color\":-65536,\"style\":0,\"ID\":5590,\"id\":5590}","points":[]}}} at: [2026-06-18T20:25:50.405973400]
Sent data: {"cursors":{"5590":{"curse":"{\"radius\":10,\"width\":0,\"height\":0,\"color\":-65536,\"style\":0,\"ID\":5590,\"id\":5590}","points":[]}}} at: [2026-06-18T20:25:50.512553600]
Sent data: {"cursors":{"5590":{"curse":"{\"radius\":10,\"width\":0,\"height\":0,\"color\":-65536,\"style\":0,\"ID\":5590,\"id\":5590}","points":[]}}} at: [2026-06-18T20:25:50.621674800]
Sent data: {"cursors":{"5590":{"curse":"{\"radius\":10,\"width\":0,\"height\":0,\"color\":-65536,\"style\":0,\"ID\":5590,\"id\":5590}","points":[]}}} at: [2026-06-18T20:25:50.734294600]
Sent data: {"cursors":{"5590":{"curse":"{\"radius\":10,\"width\":0,\"height\":0,\"color\":-65536,\"style\":0,\"ID\":5590,\"id\":5590}","points":[]}}} at: [2026-06-18T20:25:50.840293500]
Sent data: {"cursors":{"5590":{"curse":"{\"radius\":10,\"width\":0,\"height\":0,\"color\":-65536,\"style\":0,\"ID\":5590,\"id\":5590}","points":[]}}} at: [2026-06-18T20:25:50.950507300]
Sent data: {"cursors":{"5590":{"curse":"{\"radius\":10,\"width\":0,\"height\":0,\"color\":-65536,\"style\":0,\"ID\":5590,\"id\":5590}","points":[]}}} at: [2026-06-18T20:25:51.059047300]
Sent data: {"cursors":{"5590":{"curse":"{\"radius\":10,\"width\":0,\"height\":0,\"color\":-65536,\"style\":0,\"ID\":5590,\"id\":5590}","points":[]}}} at: [2026-06-18T20:25:51.165490500]
Sent data: {"cursors":{"5590":{"curse":"{\"radius\":10,\"width\":0,\"height\":0,\"color\":-65536,\"style\":0,\"ID\":5590,\"id\":5590}","points":[]}}} at: [2026-06-18T20:25:51.274489900]
Sent data: {"cursors":{"5590":{"curse":"{\"radius\":10,\"width\":0,\"height\":0,\"color\":-65536,\"style\":0,\"ID\":5590,\"id\":5590}","points":[]}}} at: [2026-06-18T20:25:51.384493600]
Sent data: {"cursors":{"5590":{"curse":"{\"radius\":10,\"width\":0,\"height\":0,\"color\":-65536,\"style\":0,\"ID\":5590,\"id\":5590}","points":[]}}} at: [2026-06-18T20:25:51.495203100]
Sent data: PONGPONG at: [2026-06-18T20:25:51.528202500]
Sent data: {"cursors":{"5590":{"curse":"{\"radius\":10,\"width\":0,\"height\":0,\"color\":-65536,\"style\":0,\"ID\":5590,\"id\":5590}","points":[]}}} at: [2026-06-18T20:25:51.603211]
Sent data: {"cursors":{"5590":{"curse":"{\"radius\":10,\"width\":0,\"height\":0,\"color\":-65536,\"style\":0,\"ID\":5590,\"id\":5590}","points":[]}}} at: [2026-06-18T20:25:51.708371800]
Sent data: {"cursors":{"5590":{"curse":"{\"radius\":10,\"width\":0,\"height\":0,\"color\":-65536,\"style\":0,\"ID\":5590,\"id\":5590}","points":[]}}} at: [2026-06-18T20:25:51.814432700]
Sent data: {"cursors":{"5590":{"curse":"{\"radius\":10,\"width\":0,\"height\":0,\"color\":-65536,\"style\":0,\"ID\":5590,\"id\":5590}","points":[]}}} at: [2026-06-18T20:25:51.921922600]
Sent data: {"cursors":{"5590":{"curse":"{\"radius\":10,\"width\":0,\"height\":0,\"color\":-65536,\"style\":0,\"ID\":5590,\"id\":5590}","points":[]}}} at: [2026-06-18T20:25:52.030768100]
Sent data: {"cursors":{"5590":{"curse":"{\"radius\":10,\"width\":0,\"height\":0,\"color\":-65536,\"style\":0,\"ID\":5590,\"id\":5590}","points":[]}}} at: [2026-06-18T20:25:52.138284100]
Sent data: {"cursors":{"5590":{"curse":"{\"radius\":10,\"width\":0,\"height\":0,\"color\":-65536,\"style\":0,\"ID\":5590,\"id\":5590}","points":[]}}} at: [2026-06-18T20:25:52.249009900]
Sent data: {"cursors":{"5590":{"curse":"{\"radius\":10,\"width\":0,\"height\":0,\"color\":-65536,\"style\":0,\"ID\":5590,\"id\":5590}","points":[]}}} at: [2026-06-18T20:25:52.359034200]
Sent data: {"cursors":{"5590":{"curse":"{\"radius\":10,\"width\":0,\"height\":0,\"color\":-65536,\"style\":0,\"ID\":5590,\"id\":5590}","points":[]}}} at: [2026-06-18T20:25:52.464857800]
Sent data: {"cursors":{"5590":{"curse":"{\"radius\":10,\"width\":0,\"height\":0,\"color\":-65536,\"style\":0,\"ID\":5590,\"id\":5590}","points":[]}}} at: [2026-06-18T20:25:52.574633100]
Sent data: {"cursors":{"5590":{"curse":"{\"radius\":10,\"width\":0,\"height\":0,\"color\":-65536,\"style\":0,\"ID\":5590,\"id\":5590}","points":[]}}} at: [2026-06-18T20:25:52.682407800]
Sent data: {"cursors":{"5590":{"curse":"{\"radius\":10,\"width\":0,\"height\":0,\"color\":-65536,\"style\":0,\"ID\":5590,\"id\":5590}","points":[]}}} at: [2026-06-18T20:25:52.790388100]
Sent data: {"cursors":{"5590":{"curse":"{\"radius\":10,\"width\":0,\"height\":0,\"color\":-65536,\"style\":0,\"ID\":5590,\"id\":5590}","points":[]}}} at: [2026-06-18T20:25:52.899004200]
Sent data: {"cursors":{"5590":{"curse":"{\"radius\":10,\"width\":0,\"height\":0,\"color\":-65536,\"style\":0,\"ID\":5590,\"id\":5590}","points":[]}}} at: [2026-06-18T20:25:53.010331400]
Sent data: {"cursors":{"5590":{"curse":"{\"radius\":10,\"width\":0,\"height\":0,\"color\":-65536,\"style\":0,\"ID\":5590,\"id\":5590}","points":[]}}} at: [2026-06-18T20:25:53.120552900]
Sent data: {"cursors":{"5590":{"curse":"{\"radius\":10,\"width\":0,\"height\":0,\"color\":-65536,\"style\":0,\"ID\":5590,\"id\":5590}","points":[]}}} at: [2026-06-18T20:25:53.228696]
Sent data: {"cursors":{"5590":{"curse":"{\"radius\":10,\"width\":0,\"height\":0,\"color\":-65536,\"style\":0,\"ID\":5590,\"id\":5590}","points":[]}}} at: [2026-06-18T20:25:53.336697800]
Sent data: {"cursors":{"5590":{"curse":"{\"radius\":10,\"width\":0,\"height\":0,\"color\":-65536,\"style\":0,\"ID\":5590,\"id\":5590}","points":[]}}} at: [2026-06-18T20:25:53.445698900]
Sent data: {"cursors":{"5590":{"curse":"{\"radius\":10,\"width\":0,\"height\":0,\"color\":-65536,\"style\":0,\"ID\":5590,\"id\":5590}","points":[]}}} at: [2026-06-18T20:25:53.555698400]
Sent data: {"cursors":{"5590":{"curse":"{\"radius\":10,\"width\":0,\"height\":0,\"color\":-65536,\"style\":0,\"ID\":5590,\"id\":5590}","points":[]}}} at: [2026-06-18T20:25:53.662698600]
Sent data: {"cursors":{"5590":{"curse":"{\"radius\":10,\"width\":0,\"height\":0,\"color\":-65536,\"style\":0,\"ID\":5590,\"id\":5590}","points":[]}}} at: [2026-06-18T20:25:53.772697800]
Sent data: {"cursors":{"5590":{"curse":"{\"radius\":10,\"width\":0,\"height\":0,\"color\":-65536,\"style\":0,\"ID\":5590,\"id\":5590}","points":[]}}} at: [2026-06-18T20:25:53.880311500]
Sent data: {"cursors":{"5590":{"curse":"{\"radius\":10,\"width\":0,\"height\":0,\"color\":-65536,\"style\":0,\"ID\":5590,\"id\":5590}","points":[]}}} at: [2026-06-18T20:25:53.991313500]
Sent data: {"cursors":{"5590":{"curse":"{\"radius\":10,\"width\":0,\"height\":0,\"color\":-65536,\"style\":0,\"ID\":5590,\"id\":5590}","points":[]}}} at: [2026-06-18T20:25:54.099522200]
Sent data: {"cursors":{"5590":{"curse":"{\"radius\":10,\"width\":0,\"height\":0,\"color\":-65536,\"style\":0,\"ID\":5590,\"id\":5590}","points":[]}}} at: [2026-06-18T20:25:54.209542700]
Sent data: {"cursors":{"5590":{"curse":"{\"radius\":10,\"width\":0,\"height\":0,\"color\":-65536,\"style\":0,\"ID\":5590,\"id\":5590}","points":[]}}} at: [2026-06-18T20:25:54.318546300]
Sent data: {"cursors":{"5590":{"curse":"{\"radius\":10,\"width\":0,\"height\":0,\"color\":-65536,\"style\":0,\"ID\":5590,\"id\":5590}","points":[]}}} at: [2026-06-18T20:25:54.425544500]
Sent data: {"cursors":{"5590":{"curse":"{\"radius\":10,\"width\":0,\"height\":0,\"color\":-65536,\"style\":0,\"ID\":5590,\"id\":5590}","points":[]}}} at: [2026-06-18T20:25:54.535544900]
Sent data: {"cursors":{"5590":{"curse":"{\"radius\":10,\"width\":0,\"height\":0,\"color\":-65536,\"style\":0,\"ID\":5590,\"id\":5590}","points":[]}}} at: [2026-06-18T20:25:54.645549400]
Sent data: {"cursors":{"5590":{"curse":"{\"radius\":10,\"width\":0,\"height\":0,\"color\":-65536,\"style\":0,\"ID\":5590,\"id\":5590}","points":[]}}} at: [2026-06-18T20:25:54.752548800]
Sent data: {"cursors":{"5590":{"curse":"{\"radius\":10,\"width\":0,\"height\":0,\"color\":-65536,\"style\":0,\"ID\":5590,\"id\":5590}","points":[]}}} at: [2026-06-18T20:25:54.859117300]
Sent data: {"cursors":{"5590":{"curse":"{\"radius\":10,\"width\":0,\"height\":0,\"color\":-65536,\"style\":0,\"ID\":5590,\"id\":5590}","points":[]}}} at: [2026-06-18T20:25:54.968731800]
Sent data: {"cursors":{"5590":{"curse":"{\"radius\":10,\"width\":0,\"height\":0,\"color\":-65536,\"style\":0,\"ID\":5590,\"id\":5590}","points":[]}}} at: [2026-06-18T20:25:55.081208600]
Sent data: {"cursors":{"5590":{"curse":"{\"radius\":10,\"width\":0,\"height\":0,\"color\":-65536,\"style\":0,\"ID\":5590,\"id\":5590}","points":[]}}} at: [2026-06-18T20:25:55.188211100]
Sent data: {"cursors":{"5590":{"curse":"{\"radius\":10,\"width\":0,\"height\":0,\"color\":-65536,\"style\":0,\"ID\":5590,\"id\":5590}","points":[]}}} at: [2026-06-18T20:25:55.298208900]
Sent data: {"cursors":{"5590":{"curse":"{\"radius\":10,\"width\":0,\"height\":0,\"color\":-65536,\"style\":0,\"ID\":5590,\"id\":5590}","points":[]}}} at: [2026-06-18T20:25:55.407208700]
Sent data: {"cursors":{"5590":{"curse":"{\"radius\":10,\"width\":0,\"height\":0,\"color\":-65536,\"style\":0,\"ID\":5590,\"id\":5590}","points":[]}}} at: [2026-06-18T20:25:55.516208800]
Sent data: {"cursors":{"5590":{"curse":"{\"radius\":10,\"width\":0,\"height\":0,\"color\":-65536,\"style\":0,\"ID\":5590,\"id\":5590}","points":[]}}} at: [2026-06-18T20:25:55.624209300]
Updated To Host at: [2026-06-18T20:25:55.646211700]
Left Server at: [2026-06-18T20:25:59.562678400]
